"Year","CUMSUM_GDD_DAY_1","CUMSUM_GDD_DAY_2","CUMSUM_GDD_DAY_3","CUMSUM_GDD_DAY_4","CUMSUM_GDD_DAY_5","CUMSUM_GDD_DAY_6","CUMSUM_GDD_DAY_7","CUMSUM_GDD_DAY_8","CUMSUM_GDD_DAY_9","CUMSUM_GDD_DAY_10","CUMSUM_GDD_DAY_11","CUMSUM_GDD_DAY_12","CUMSUM_GDD_DAY_13","CUMSUM_GDD_DAY_14","CUMSUM_GDD_DAY_15","CUMSUM_GDD_DAY_16","CUMSUM_GDD_DAY_17","CUMSUM_GDD_DAY_18","CUMSUM_GDD_DAY_19","CUMSUM_GDD_DAY_20","CUMSUM_GDD_DAY_21","CUMSUM_GDD_DAY_22","CUMSUM_GDD_DAY_23","CUMSUM_GDD_DAY_24","CUMSUM_GDD_DAY_25","CUMSUM_GDD_DAY_26","CUMSUM_GDD_DAY_27","CUMSUM_GDD_DAY_28","CUMSUM_GDD_DAY_29","CUMSUM_GDD_DAY_30","CUMSUM_GDD_DAY_31","CUMSUM_GDD_DAY_32","CUMSUM_GDD_DAY_33","CUMSUM_GDD_DAY_34","CUMSUM_GDD_DAY_35","CUMSUM_GDD_DAY_36","CUMSUM_GDD_DAY_37","CUMSUM_GDD_DAY_38","CUMSUM_GDD_DAY_39","CUMSUM_GDD_DAY_40","CUMSUM_GDD_DAY_41","CUMSUM_GDD_DAY_42","CUMSUM_GDD_DAY_43","CUMSUM_GDD_DAY_44","CUMSUM_GDD_DAY_45","CUMSUM_GDD_DAY_46","CUMSUM_GDD_DAY_47","CUMSUM_GDD_DAY_48","CUMSUM_GDD_DAY_49","CUMSUM_GDD_DAY_50","CUMSUM_GDD_DAY_51","CUMSUM_GDD_DAY_52","CUMSUM_GDD_DAY_53","CUMSUM_GDD_DAY_54","CUMSUM_GDD_DAY_55","CUMSUM_GDD_DAY_56","CUMSUM_GDD_DAY_57","CUMSUM_GDD_DAY_58","CUMSUM_GDD_DAY_59","CUMSUM_GDD_DAY_60","CUMSUM_GDD_DAY_61","CUMSUM_GDD_DAY_62","CUMSUM_GDD_DAY_63","CUMSUM_GDD_DAY_64","CUMSUM_GDD_DAY_65","CUMSUM_GDD_DAY_66","CUMSUM_GDD_DAY_67","CUMSUM_GDD_DAY_68","CUMSUM_GDD_DAY_69","CUMSUM_GDD_DAY_70","CUMSUM_GDD_DAY_71","CUMSUM_GDD_DAY_72","CUMSUM_GDD_DAY_73","CUMSUM_GDD_DAY_74","CUMSUM_GDD_DAY_75","CUMSUM_GDD_DAY_76","CUMSUM_GDD_DAY_77","CUMSUM_GDD_DAY_78","CUMSUM_GDD_DAY_79","CUMSUM_GDD_DAY_80","CUMSUM_GDD_DAY_81","CUMSUM_GDD_DAY_82","CUMSUM_GDD_DAY_83","CUMSUM_GDD_DAY_84","CUMSUM_GDD_DAY_85","CUMSUM_GDD_DAY_86","CUMSUM_GDD_DAY_87","CUMSUM_GDD_DAY_88","CUMSUM_GDD_DAY_89","CUMSUM_GDD_DAY_90","CUMSUM_GDD_DAY_91","CUMSUM_GDD_DAY_92","CUMSUM_GDD_DAY_93","CUMSUM_GDD_DAY_94","CUMSUM_GDD_DAY_95","CUMSUM_GDD_DAY_96","CUMSUM_GDD_DAY_97","CUMSUM_GDD_DAY_98","CUMSUM_GDD_DAY_99","CUMSUM_GDD_DAY_100","CUMSUM_GDD_DAY_101","CUMSUM_GDD_DAY_102","CUMSUM_GDD_DAY_103","CUMSUM_GDD_DAY_104","CUMSUM_GDD_DAY_105","CUMSUM_GDD_DAY_106","CUMSUM_GDD_DAY_107","CUMSUM_GDD_DAY_108","CUMSUM_GDD_DAY_109","CUMSUM_GDD_DAY_110","CUMSUM_GDD_DAY_111","CUMSUM_GDD_DAY_112","CUMSUM_GDD_DAY_113","CUMSUM_GDD_DAY_114","CUMSUM_GDD_DAY_115","CUMSUM_GDD_DAY_116","CUMSUM_GDD_DAY_117","CUMSUM_GDD_DAY_118","CUMSUM_GDD_DAY_119","CUMSUM_GDD_DAY_120","CUMSUM_GDD_DAY_121","CUMSUM_GDD_DAY_122","CUMSUM_GDD_DAY_123","CUMSUM_GDD_DAY_124","CUMSUM_GDD_DAY_125","CUMSUM_GDD_DAY_126","CUMSUM_GDD_DAY_127","CUMSUM_GDD_DAY_128","CUMSUM_GDD_DAY_129","CUMSUM_GDD_DAY_130","CUMSUM_GDD_DAY_131","CUMSUM_GDD_DAY_132","CUMSUM_GDD_DAY_133","CUMSUM_GDD_DAY_134","CUMSUM_GDD_DAY_135","CUMSUM_GDD_DAY_136","Chilling_Hours","Utah_Model","Chill_Portions","GDH","last_year_bloom_doy","avg_last_5","sd_last_5","avg_last_10","sd_last_10","ACC_TMAX_Fall","ACC_TMAX_Winter","ACC_TMAX_Spring","ACC_TMIN_Fall","ACC_TMIN_Winter","ACC_TMIN_Spring","ACC_TAVG_Fall","ACC_TAVG_Winter","ACC_TAVG_Spring","ACC_PRCP_Fall","ACC_PRCP_Winter","ACC_PRCP_Spring","AVG_TMAX_Fall","AVG_TMAX_Winter","AVG_TMAX_Spring","AVG_TMIN_Fall","AVG_TMIN_Winter","AVG_TMIN_Spring","AVG_TAVG_Fall","AVG_TAVG_Winter","AVG_TAVG_Spring","AVG_PRCP_Fall","AVG_PRCP_Winter","AVG_PRCP_Spring","bloom_doy"
1941,1.6,2.3,4.6,4.6,4.6,4.6,4.6,4.6,4.6,4.6,4.6,4.6,4.6,4.6,4.6,4.6,4.6,6.7,6.7,6.7,6.7,6.7,12.1,12.1,12.1,12.1,12.1,12.1,12.1,12.1,12.1,12.1,12.1,12.1,12.1,12.1,12.1,15,15,15,15,15,15,15,17.3,18.6,18.6,18.6,18.6,18.6,18.6,18.6,18.6,18.6,18.6,18.6,18.6,18.6,18.6,18.6,18.6,24.8,30.9,30.9,30.9,30.9,30.9,30.9,31.1,33.1,34.4,34.4,34.4,34.5,39.9,39.9,39.9,39.9,42,44.7,46.6,49,53.1,56,57.4,60.7,66,67.8,67.8,70.5,76.4,83,88.6,93.8,100.6,105.9,112.3,119.6,126.3,135.3,145.8,157,167.7,185.6,204.5,222.6,240.4,258.2,276.3,298.2,316.3,326.6,336.2,345,352.8,361.2,371.6,384.7,398.7,414.6,431.8,446.4,454.7,465,483.2,500.7,517,535.2,546,556.9,567,577.9,587.2,598.8,612.4,629.6,631,604.5,36.4292551888402,5034.45468381572,104,96.6,9.4233751915118,98.2,7.65651501808899,2058.2,301.6,0,1006.5,21.2,0,1538.2,236.6,1207.3,635,834,0,22.6175824175824,9.72903225806452,0,11.0604395604396,0.683870967741935,0,16.9032967032967,2.62888888888889,13.1228260869565,6.97802197802198,26.9032258064516,0,102
1942,0.6,7,7,7,7,7,7,7,7,7,7,7,7,7,10.9,11.4,11.4,14.9,23.3,25.7,25.7,25.7,27.6,31,33.1,33.6,33.6,33.6,33.6,33.6,33.6,33.9,33.9,33.9,33.9,33.9,34.8,36.2,36.2,36.2,36.2,36.2,36.2,36.2,36.2,36.2,36.8,42.2,42.2,42.2,42.2,42.2,42.2,42.2,42.2,42.2,42.2,42.2,42.2,43.1,43.1,43.6,45.2,46.4,50.3,54.9,65.9,74.7,78,85.5,94.6,98.2,101.6,104.9,107.5,115.6,125.9,130.6,136.2,143.1,147.9,150.7,154.2,158.7,163,167.2,169.3,169.3,170,172.2,174.4,180.5,192.2,205.1,218.2,236.3,255.9,271.7,277.1,278.5,282.7,285.7,290.1,296.9,309.5,326.3,338.1,349.4,355.2,360.5,369.9,380.2,393.3,407.4,424.3,441.3,454,463.3,476.7,495.3,517.3,535.1,555.2,575.3,591.7,604.4,618.7,629.6,642.4,655.8,668.6,686,705.4,724.7,742.9,759.2,724,697.5,37.9492526231157,2936.20860577553,102,94.8,8.46758525200662,97.1,7.18717994456487,1823.4,515.1,1843.3,934,-285.9,798.3,1421.4,131.9,1334.3,3238,2031,1943,20.0373626373626,5.72333333333333,20.0358695652174,10.2637362637363,-3.17666666666667,8.67717391304348,15.6197802197802,1.46555555555556,14.5032608695652,35.5824175824176,22.5666666666667,21.1195652173913,95
1943,0,1.1,1.1,1.1,1.1,1.1,1.1,1.1,1.1,1.1,1.1,1.1,1.1,1.1,4,11.6,23.8,25.1,25.4,25.4,25.4,25.4,25.4,26.2,32.2,35.5,35.5,35.5,35.5,35.5,35.5,35.5,35.5,35.5,36.8,41.7,44.6,45.2,45.8,45.8,47.4,50.7,50.7,50.7,50.7,50.7,50.7,50.7,50.7,51.1,56.7,66.4,74.6,81.9,94.1,96.4,96.4,96.4,97.8,100.1,100.1,100.1,100.1,100.1,100.5,100.5,100.5,100.5,101.3,108.5,117.1,118.3,119.7,126.3,139.5,149.8,156.1,168,181.4,182.2,182.2,182.2,186.1,194.8,203.9,213.8,218.3,219.2,225.5,241.6,252.7,262,262.5,264.3,273.5,275.4,276.4,284.3,293.4,302.7,306.1,311.2,319.5,320.3,320.3,323.5,334.1,340.9,344.3,349.6,356,362.5,369.8,379,393,409.7,422.4,440.1,449.3,461.4,470.7,478.6,494.3,504.9,516,530.7,551.6,571.5,588.8,604.2,618.5,636.3,653.1,665.7,673.5,687,593,622.5,37.9405629429795,3477.1072922454,95,96.8,6.1400325732035,96.6,7.21418356049002,1728.3,662.8,1661.5,787.1,-180.7,610.7,1265,266.1,1181.8,2344,1431,3059,18.9923076923077,7.36444444444444,18.0597826086957,8.64945054945055,-2.00777777777778,6.63804347826087,13.9010989010989,2.95666666666667,12.845652173913,25.7582417582418,15.9,33.25,94
1944,0,0,0,1.3,1.6,1.6,1.6,1.6,1.6,1.6,1.6,1.6,1.6,1.6,1.6,1.6,1.6,1.6,1.6,1.6,1.6,2.9,5.8,5.8,5.8,10,17.9,28.7,33.8,35.2,35.2,35.2,35.2,35.2,35.5,35.5,41,41,41,41,41,41,41,41,41,41.1,41.1,41.1,43.2,43.2,43.2,43.4,44.5,52.2,57.5,62.6,63.5,64.4,67,67,67,67,67,67.5,67.5,67.5,68.3,68.3,68.3,68.3,68.3,69.4,74.5,77.7,85.4,100.1,113.3,118.8,118.8,118.8,118.8,118.8,121.2,127.7,135.6,146.4,153.8,160.7,162.1,165.4,168.4,172,179.8,180.9,180.9,180.9,181.3,188.8,201.9,216.6,234.4,242.5,250.8,256.3,265.7,275.9,285.6,293.9,300.5,306.8,314.7,325.9,333,338.7,344.6,355.3,367.7,376.9,383.9,393.1,406,423.3,441.9,459.1,478.5,498.5,516.2,529.6,540.7,554.7,569.3,585.6,604.3,624.2,643.8,662.9,657,644,38.311881835755,2800.55611237789,94,99,4.35889894354067,96.1,6.72392081386382,1737.4,587.6,1691,913.8,-146.2,721.4,1323.1,208.7,1211.7,2667,1941,2267,19.0923076923077,6.45714285714286,18.3804347826087,10.0417582417582,-1.60659340659341,7.84130434782609,14.5395604395604,2.29340659340659,13.170652173913,29.3076923076923,21.3296703296703,24.6413043478261,100
1945,3.9,3.9,3.9,5.5,5.5,5.5,5.5,5.5,5.5,5.5,5.5,5.5,6,6,6,6,6,6,6,6,6,6,6,6,6,6,6,6,6,6,6,6,6,6,6,6,6,6,6,6.5,9.7,14.6,15.8,16.4,16.4,18,27.3,27.3,27.3,27.3,27.3,27.3,28.1,33.3,36.3,40,44,50.9,50.9,50.9,52.3,62.1,67.3,67.3,73.2,78.3,79.4,80.8,83.7,86.4,89.2,94.4,100.7,111.4,128.5,146.3,161.3,175.4,194.8,210.7,214.3,221.5,233.6,244,254.6,270.4,287.1,306.7,324.7,340.9,353.1,367.6,384.4,399.3,410.7,415,421.3,430,442.2,454.6,466.2,481.1,498.3,517,527.7,535.6,548.7,561.3,569.2,577.4,588.1,595.6,603.2,612.8,625.7,641.3,651.4,658.3,666.2,675.5,682.5,688.4,694.9,702.6,709.8,717.2,728.8,743.1,754.7,765.3,773,784,800.6,817.3,836.4,856.9,619,549.5,33.3617902157246,3723.65914112636,100,94,9.02773504263389,94.9,8.55634916954136,1860.7,424.3,1932.4,959.5,-232.4,863,1410.1,100.6,1411.6,2415,2591,1741,20.4472527472527,4.71444444444444,21.004347826087,10.543956043956,-2.58222222222222,9.3804347826087,15.4956043956044,1.11777777777778,15.3434782608696,26.5384615384615,28.7888888888889,18.9239130434783,79
1946,0,0,0,0,4.6,15.85,27.15,34.5,38.3,44,44.15,47.65,47.65,47.65,47.65,47.65,47.65,48.65,48.65,48.65,48.65,48.65,48.65,48.65,48.65,48.65,48.65,48.65,48.65,49.65,52.9,52.9,52.9,52.9,52.9,52.9,54.45,54.6,54.75,56.6,56.6,56.6,56.6,60.4,66.4,66.4,66.4,72.4,74.5,74.5,74.7,74.7,75.15,78.1,78.1,78.1,86.05,96.5,97.25,99.05,100.05,105.25,114.85,126.95,139.35,153.95,164.65,171.2,173.05,173.8,177.05,187.2,200.4,211.65,217.65,221.15,223.25,225.35,230.25,237.1,245.05,252.45,255.7,265.05,278,292.9,307.25,318.8,330.05,336.3,341.75,358.3,369.55,380.55,388.25,396.75,402.5,404.6,413.1,418,422.05,426.1,431.55,440.05,455.8,467.1,475.3,485.2,497.05,510.8,519.3,531.7,548.85,563.5,573.15,581.35,586.5,592.75,603.45,615,629.05,643.4,652.45,657.65,669.2,682.95,694.8,703.3,714.55,727.45,745.65,763.05,775.7,786.4,798.8,817.3,603,563.5,36.6103651707819,5874.98016146775,79,90,9.02773504263389,93.3,9.36957250299547,1942.5,767.2,1843.8,1014.6,-52,826.2,1478.55,357.6,1335,1732,1505,2695,21.3461538461538,8.52444444444444,20.0413043478261,11.1494505494505,-0.577777777777778,8.98043478260869,16.2478021978022,3.97333333333333,14.5108695652174,19.032967032967,16.7222222222222,29.2934782608696,82
1947,0,0,2.4,2.4,2.4,2.4,2.4,5.65,5.65,5.65,9.7,12.4,12.4,12.4,15.35,21.05,22.05,25.3,25.75,30.35,30.35,30.35,30.35,35.55,43.25,46.75,51.95,60.45,67.55,80.5,89.25,90.5,90.5,90.5,90.5,90.5,90.5,91.25,91.25,91.25,91.25,91.25,91.25,91.25,92.55,95.8,95.95,96.65,96.65,96.65,96.65,96.65,96.65,96.65,96.65,96.65,96.65,96.65,96.65,96.65,96.65,96.65,96.65,96.65,96.65,96.65,96.65,96.65,96.65,96.65,98.2,99.75,110.2,115.4,115.4,115.4,115.4,115.4,116.4,118.8,119.8,125.8,135.7,140.05,140.05,140.05,140.05,144.4,145.65,148.05,153.75,163.65,168.8,172.05,183.05,203.5,214.5,221.35,229,236.4,250.2,268.7,278.3,285.15,295.6,307.45,314.55,324.15,338.75,353.35,356.55,360.6,367.15,380.9,391.1,399.85,411.95,418.5,428.1,447.15,466.2,480.25,491.25,503.4,513.3,524.6,533.65,538.8,541.45,546.1,554.6,568.4,586.35,600.15,607.25,617.4,717,703.5,41.2266074834669,2711.46687003101,82,91.4,10.4307238483242,93.1,9.13418487514531,1830.6,646,1622.6,1018.8,-170.2,615.5,1424.7,237.9,1119.05,2573,1639,2017,20.1164835164835,7.17777777777778,17.6369565217391,11.1956043956044,-1.89111111111111,6.69021739130435,15.656043956044,2.64333333333333,12.1635869565217,28.2747252747253,18.2111111111111,21.9239130434783,102
1948,0.2,0.2,0.2,0.2,0.2,0.2,0.2,0.2,4.85,4.85,4.85,4.85,4.85,4.85,4.85,4.85,4.85,4.85,4.85,4.85,4.85,4.85,4.85,4.85,4.85,4.85,4.85,4.85,4.85,4.85,4.85,4.85,4.85,4.85,4.85,4.85,4.85,4.85,4.85,4.85,4.85,4.85,4.85,4.85,8.35,8.35,8.5,14.75,21.85,30.9,34.4,34.4,34.4,34.4,34.4,37.9,46.95,51.6,64.55,70.3,70.3,70.3,74.05,74.05,74.05,74.05,74.05,75.35,75.35,80.25,81.5,81.5,81.5,82.2,91.55,104.2,111.85,116.2,124.7,140.7,158.1,178,187.35,196.4,203.8,212.85,225.25,226.85,228.15,237.5,248.75,261.7,270.5,274.85,279.5,291.35,307.1,316.15,326,333.65,338.55,347.6,365,372.7,374.8,381.95,390.75,398.15,403.6,412.1,428.1,441.05,449.55,457.2,469.85,487.55,500.2,507.9,510.85,517.15,527.35,538.35,547.95,559.25,570.5,579,587.75,596.8,607.25,621.3,640.65,661.65,682.1,697.25,710.2,723.7,673,681.5,36.9705625807802,5064.1378614418,102,90.2,10.4019228991567,93.5,8.77179824462718,1816.1,558,1730.5,909.4,-234.2,742.1,1362.75,161.9,1236.3,3123,2780,3958,19.9571428571429,6.13186813186813,18.8097826086957,9.99340659340659,-2.57362637362637,8.06630434782609,14.9752747252747,1.77912087912088,13.4380434782609,34.3186813186813,30.5494505494506,43.0217391304348,88
1949,0.45,0.45,0.45,0.45,3.95,6.65,10.75,16.75,22.15,27,31.05,31.05,32.3,33.6,33.6,39.05,46.2,49.4,57.05,57.05,57.05,61.4,61.4,65.7,71.4,72.4,73.4,82.75,82.9,82.9,82.9,82.9,82.9,82.9,85.3,85.3,85.3,88,90.1,98.3,98.3,98.3,98.3,107.65,116.7,130.5,136.2,137.2,138.2,144.2,154.65,157.85,161.1,166,169.25,175.5,176.2,176.2,176.2,176.2,176.2,176.2,176.65,183.75,192.5,192.5,193.5,197,200.5,201.25,201.25,202.25,205.2,205.2,205.2,206.75,206.75,206.75,206.75,212.5,222.65,234.75,243.8,251.45,263.3,281.5,292.75,304.55,319.75,327.4,330.9,335.5,343.2,350.35,355.8,362.4,369,375,381,387.55,395.5,406.5,416.7,430.45,447.3,451.6,455.95,463.9,468.8,477.6,491.1,502.4,516.15,524.4,531.8,546.95,562.1,572.85,581.35,591.8,607.55,622.45,639.85,658.35,676.85,698.65,719.1,732.9,746.4,758.5,766.15,776.3,788.7,805.25,823.5,838.1,691,748.5,40.0576442581106,4270.42940094224,88,87.8,8.84307638777366,93.4,8.83427667918797,1836.2,941.1,1708,950.1,134.6,734.9,1393.15,537.85,1221.45,1959,2478,2969,20.178021978022,10.4566666666667,18.5652173913043,10.4406593406593,1.49555555555556,7.98804347826087,15.3093406593407,5.97611111111111,13.2766304347826,21.5274725274725,27.5333333333333,32.2717391304348,88
1950,1.25,6.7,14.95,29.6,42.55,55.75,62.55,62.55,64.65,76.2,81.4,81.4,84.9,93.65,95.5,99,99,105.3,105.3,105.3,105.3,107.7,115.35,126.9,140.95,156.65,161.8,161.8,166.4,170.45,170.45,170.45,172,172,172,172,173.8,174.55,174.55,178.05,179.9,184.25,187.2,188.75,190.3,194.35,194.8,194.8,194.8,194.8,194.8,194.8,197.75,200.15,202.55,202.55,202.55,202.55,202.55,203.85,203.85,203.85,203.85,206.8,210,210,213.5,213.5,213.5,213.5,219.2,220.2,220.2,223.45,223.45,223.45,223.45,223.45,223.6,227.1,228.65,229.65,238.4,243.3,247.35,259.75,275.75,280.1,280.1,280.85,284.35,291.75,305.85,323.25,332.3,332.75,333.75,339.5,340.25,343.75,353.65,359.1,359.1,359.1,359.25,363.9,373.25,387.85,403.3,412.65,417.8,425.7,435.3,444.35,449,461.35,474,488.9,498.8,504.8,515.8,527.05,536.7,550.5,568.15,590.25,607.35,616.4,627.15,645.65,662.5,674.05,687.3,701.9,714.25,729.15,640,484,34.3965622500889,3906.78729503314,88,91.8,8.37854402626136,92.9,8.29256695279976,1793.6,825.4,1540.9,899,52.3,591.8,1346.3,438.85,1066.35,3353,1870,2997,19.7098901098901,9.17111111111111,16.7489130434783,9.87912087912088,0.581111111111111,6.43260869565217,14.7945054945055,4.87611111111111,11.5907608695652,36.8461538461538,20.7777777777778,32.5760869565217,99
1951,0,0,7.15,14.25,15.25,18.75,18.75,18.75,18.75,18.75,21.15,21.15,21.15,21.15,23.8,23.8,25.65,33.85,43.2,53.1,56.05,56.05,56.05,59.8,59.8,59.8,59.8,60.25,62.05,62.05,62.05,62.05,62.05,62.05,62.05,62.05,62.05,62.05,62.05,62.05,62.05,62.05,66.4,74.05,81.45,81.45,81.45,81.9,83.15,83.85,85.95,88.9,92.65,93.65,94.1,100.65,110.55,120.45,124.55,127.2,132.1,133.95,136.85,143.15,147.75,159.05,164.5,164.5,164.5,164.5,166.85,167.3,168.3,168.75,170.55,172.1,172.85,176.1,177.1,180.6,180.6,188.3,194.85,196.95,197.1,200.35,206.9,219.3,230.6,238.8,251.15,258.25,260.9,264.95,270.65,279.15,289.85,297.25,306.05,313.4,321.9,331.25,337.85,346.05,357.6,364.45,367.65,372.3,382.75,389,397.5,407.7,416.75,425.85,439.9,457,468.85,480.7,499.2,516.6,530.9,548.05,562.1,572.25,581.05,590.95,601.35,614.3,630,646.6,660.65,669.75,681,693.35,708.5,727.3,605,525.5,36.4826410348514,4148.26471837279,99,94.6,6.38748776906852,92.3,7.7610136794966,1800.9,795.8,1697.6,913.4,-37.3,698.3,1357.15,379.25,1197.95,2321,2382,2322,19.7901098901099,8.84222222222222,18.4521739130435,10.0373626373626,-0.414444444444444,7.59021739130435,14.9137362637363,4.21388888888889,13.0211956521739,25.5054945054945,26.4666666666667,25.2391304347826,96
1952,8.2,13.1,13.55,13.55,13.55,13.55,13.55,13.55,14.8,14.8,14.8,14.8,14.95,23.45,35,39.6,40.3,46.3,47,53.6,53.6,53.6,53.6,53.6,53.6,60.15,70.05,72.7,72.7,72.7,72.7,74.55,81.4,85.2,92.05,95,96,96,97.3,99.7,102.1,105.6,106.6,107.05,107.05,107.05,107.05,107.05,108.6,109,109,110.85,110.85,110.85,110.85,111.85,111.85,112.55,113.8,115.65,115.65,115.65,115.65,115.65,115.65,115.65,115.65,115.65,115.65,118.3,127.65,131.4,134.6,135.3,135.3,135.3,136.6,138.45,142.5,150.7,163.9,171.55,176.75,179.45,181.85,188.95,194.7,197.1,200.35,203.55,212.35,225.55,236.25,243.95,253,264,268.6,271.55,273.95,278.85,285.65,294.15,301,310.05,323,328.2,335.6,348.25,362.6,378.6,395.45,413.1,430.5,448.15,454.15,459.6,465.3,473.55,484,494.2,508.55,520.1,534.7,545.45,559.5,571.6,588.7,601.95,612.65,627.25,642.15,657.05,666.65,676,688.65,707.15,767,784.5,39.9725120331214,3417.80994965112,96,94.2,5.84807660688538,92.8,8.10760959428445,1782.5,768.3,1627,789.8,57.4,703.9,1286.15,412.85,1165.45,2807,2338,3674,19.5879120879121,8.44285714285714,17.6847826086957,8.67912087912088,0.630769230769231,7.65108695652174,14.1335164835165,4.53681318681319,12.6679347826087,30.8461538461538,25.6923076923077,39.9347826086956,100
1953,0,0.45,0.45,0.45,0.45,0.45,0.45,0.45,0.45,0.45,0.45,0.45,0.45,5.05,11.05,20.4,20.4,22.5,27.4,31.7,33.5,35.6,38,46.5,46.5,46.5,46.5,49.45,49.45,49.45,55.15,56.7,56.7,56.7,56.7,56.7,58.5,63.1,66.85,70.05,70.05,70.05,72.15,73.4,73.4,74.65,75.4,75.4,75.4,78.3,84,95,95.75,96.75,99.45,105.45,112,119.4,121.8,121.8,121.8,121.8,125,127.15,132.55,133.85,133.85,133.85,136.5,138.3,143.75,155.05,165.5,175.95,183.9,190.45,195.05,204.4,209.85,215.3,223.55,234.8,245.55,249.85,251.7,256.05,264,269.45,274.05,281.95,292.4,300.9,311.35,321.8,330.55,339.05,348.4,359.1,368.15,382.5,394.9,403.65,407.45,411.25,416.4,423.8,432.05,440.8,444.05,445.05,448.3,456.8,473.65,486.9,504.85,520,528.75,537.8,551.05,563.75,582.55,596.9,611.2,626.65,645.7,664.45,680.7,695.55,709.9,727.85,748.3,769.05,790.85,810.15,829.45,847.65,734,709.5,36.9014409957888,4227.29961647321,100,93.8,6.41872261435249,92,8.36660026534076,1906.7,874.7,1784.8,869.6,60.4,860.9,1388.15,467.55,1322.85,2363,2490,5813,20.9527472527473,9.71888888888889,19.4,9.55604395604396,0.671111111111111,9.35760869565217,15.2543956043956,5.195,14.3788043478261,25.967032967033,27.6666666666667,63.1847826086956,86
1954,2.95,4.5,7.45,7.45,7.45,7.45,7.45,7.45,9,9,9,9,9,9,9,9,9,9,10.85,16.6,20.65,20.65,20.65,20.65,20.65,25.25,34.3,34.3,34.3,35.85,35.85,35.85,40.7,42.8,42.8,42.8,42.95,42.95,42.95,42.95,46.7,46.7,46.7,46.7,49.9,62.25,76.3,83.7,89.15,92.95,95.6,104.1,109.25,110.25,114.3,119.75,123.8,125.9,134.4,140.65,142.5,143.2,143.2,143.2,143.2,145.05,149.1,155.4,161.65,161.65,161.65,162.35,164.75,164.75,164.75,168,170.95,176.1,184.05,184.05,185.05,191.6,196.75,205.25,216.25,219.45,225.2,237.3,244.4,244.4,245.15,250.35,254.1,254.1,254.55,266.1,282.35,297.5,302.35,308.9,323.25,332.3,342.45,356.5,368.65,380.2,391.2,404.95,421.25,439.2,455.75,473.15,491.4,503.5,519.2,534.65,551.5,564.75,573.8,586.2,603.3,623.75,643.65,652.15,658.4,667.7,678.15,690.25,697.65,703.9,712.1,722,731.3,739.5,749.4,764.3,808,792.5,39.7974540330185,2385.68500349426,86,95.4,5.54977477020464,91.6,8.03049742474829,1888.8,744,1702.5,958.1,-79.1,701.2,1423.45,332.45,1201.85,1643,1518,2478,20.756043956044,8.26666666666667,18.5054347826087,10.5285714285714,-0.878888888888889,7.62173913043478,15.6423076923077,3.69388888888889,13.0635869565217,18.0549450549451,16.8666666666667,26.9347826086957,96
1955,1.6,9.55,14.7,20.4,20.4,23.9,23.9,23.9,23.9,24.9,24.9,24.9,24.9,24.9,24.9,24.9,24.9,24.9,24.9,24.9,24.9,24.9,24.9,24.9,24.9,24.9,24.9,24.9,24.9,24.9,24.9,25.35,25.35,25.35,25.35,25.35,27.5,28.8,28.8,28.8,34.8,35.5,35.5,35.5,35.5,35.9,39.4,40.1,40.1,40.1,42.2,44.85,50.05,54.65,54.65,54.65,55.95,63.9,74.05,85.9,94.15,97.95,106.45,108.85,109.05,109.05,109.05,118.4,130.5,141.5,150,159.05,164.5,168.85,179.3,180.6,182.75,184.6,187.3,190.8,201.8,206.15,214.9,217.6,217.6,217.6,217.6,217.6,221.1,225.75,235.65,246.95,257.65,263.65,271.6,281.75,288.05,292.4,303.4,317.2,329.55,341.65,347.95,358.95,372.7,385.65,392.2,400.7,415.85,426.85,439.25,455.8,472.6,484.7,492.1,498.65,505.75,516.75,527.75,542.9,556.7,568.25,581.5,597.25,616.6,632.05,645,660.15,670.3,682.95,695.6,711.05,723.15,735.5,747.9,761.4,627,521,36.3061593303368,2876.93498223691,96,94,5.29150262212918,92.9,6.70737570804625,1783.5,550.9,1785.5,876.8,-201.5,818.5,1330.15,174.7,1302,2220,932,2456,19.5989010989011,6.12111111111111,19.4076086956522,9.63516483516483,-2.23888888888889,8.89673913043478,14.617032967033,1.94111111111111,14.1521739130435,24.3956043956044,10.3555555555556,26.695652173913,92
1956,0,0,0.2,0.2,0.350000000000001,0.350000000000001,0.350000000000001,0.350000000000001,0.350000000000001,0.800000000000001,2.9,3.6,3.6,3.6,4.05,4.05,4.05,4.05,4.05,4.05,4.05,4.05,4.05,4.05,4.05,4.05,4.05,4.05,4.05,9.75,9.75,9.75,9.75,9.9,9.9,11.5,11.5,13.35,15.45,20.05,24.1,25.9,28.85,29.6,30.85,38.5,39.5,39.5,46.05,48.45,50.3,50.3,50.3,50.3,50.3,58.8,63.7,70.55,71.55,71.55,73.1,81.35,87.9,93.05,102.1,108.65,116.6,123.45,125.3,131.55,141.15,142.4,142.4,145.9,146.1,146.1,146.1,146.1,146.1,146.1,146.1,148.5,153.65,154.65,154.65,157,159.9,159.9,159.9,162,164.35,167.55,175.2,186.2,201.9,215.1,224.15,227.65,228.1,232.15,238.45,242.5,248.5,257,264.4,274,284.45,288.75,292.55,297.15,300.95,305.55,316,321.15,322.7,326.5,337.8,349.1,367.6,388.6,404.05,413.65,420.2,432.05,447.25,456.6,474,487.8,495.2,504.55,520.85,534.6,551.15,573.25,596.2,611.65,632,657.5,39.5107043292089,4752.33396139699,92,94.2,5.40370243444252,94.4,5.58171618371586,1681.6,765.1,1587.9,873.8,32.4,601.8,1277.7,398.75,1094.85,2322,1989,1973,18.4791208791209,8.40769230769231,17.2597826086957,9.6021978021978,0.356043956043956,6.54130434782609,14.0406593406593,4.38186813186813,11.9005434782609,25.5164835164835,21.8571428571429,21.445652173913,97
1957,0,0,0,2.4,2.4,2.4,2.4,2.4,2.4,2.55,2.55,2.55,2.55,2.55,2.55,2.55,2.55,2.55,2.55,2.55,3,9.55,13.05,13.05,13.05,13.05,13.5,13.5,14.2,14.2,14.2,14.2,15.2,16.2,23.9,23.9,23.9,24.65,26.2,30.25,35.95,35.95,35.95,35.95,35.95,35.95,37.5,37.5,38.5,39.2,39.2,39.2,39.2,43.8,48.4,53.3,62.35,70.55,70.55,70.55,72.65,72.65,72.65,72.65,73.65,73.8,74.8,75.8,76.5,78.9,87.1,94.75,104.65,116.45,124.95,132.9,138.65,141.3,144.25,148.3,151.8,157.8,165.5,168.15,171.9,177.05,180.85,185.45,188.95,191.9,195.95,208.1,213.55,216.2,225.25,232.4,241.7,249.4,252.9,258.6,266.8,278.05,279.65,282.05,284.75,291.05,302.05,316.35,329.3,344.5,364.7,378.2,393.65,414.65,429.85,447,468.3,490.4,508.1,525.2,542.3,555,562.95,569.2,577.4,589.8,603,619.25,638.05,657.95,674.25,690.5,712.05,733.85,754.3,770.05,609,776.5,38.5637739339489,4614.98511395226,97,93.8,4.91934955049954,94,5.09901951359278,1755.5,688.6,1778.3,964.3,-43.6,815.1,1359.9,322.5,1296.7,2267,2789,1621,19.2912087912088,7.65111111111111,19.329347826087,10.5967032967033,-0.484444444444444,8.85978260869565,14.943956043956,3.58333333333333,14.0945652173913,24.9120879120879,30.9888888888889,17.6195652173913,98
1958,0,0,0,0,0,0,0,0,0,0,0,0,0,0.2,0.65,0.65,0.65,0.65,0.65,0.65,2.75,4.05,5.6,5.6,7.15,7.6,8.6,9.6,9.6,10.05,10.05,10.05,10.05,10.05,10.05,10.05,10.5,10.5,10.5,10.5,10.5,10.5,10.5,10.5,10.5,10.5,10.5,10.5,10.5,10.5,10.5,10.5,11.5,11.5,15.55,21.55,21.55,22.55,28.25,32.35,34.75,39.65,39.8,41.1,45.95,48.9,51.05,51.05,52.35,53.1,54.4,54.4,54.4,54.85,54.85,55.6,55.6,55.6,55.6,55.6,57.7,60.4,61.15,62.45,64,64.75,68.25,72.3,75.8,77.6,82.2,88.45,93.6,99.6,105.3,113.55,120.7,126.15,129.35,134,136.1,139.6,147.8,158.5,170.9,182.45,194.85,208.9,226.55,244.45,262.65,276.7,290.75,304.8,319.4,329.8,337.2,349.3,366.15,375.2,384.55,398.6,412.95,433.15,442.75,448.2,452.8,464.1,476.2,488.3,504.05,521.45,535.75,549.25,563.85,579.85,500,511.5,33.3202144245551,3962.81919316412,98,98.2,5.93295878967653,96,6.27162924074226,1826.4,374.1,1565.4,937.3,-287.5,736.4,1381.85,43.3,1150.9,1770,2102,3441,20.0703296703297,4.15666666666667,17.0152173913043,10.3,-3.19444444444444,8.00434782608696,15.1851648351648,0.481111111111111,12.5097826086957,19.4505494505494,23.3555555555556,37.4021739130435,108
1959,0,0.7,0.7,0.7,0.7,0.7,0.7,0.7,0.7,0.7,0.7,0.7,0.7,0.7,7.8,7.8,7.8,7.8,7.8,8.5,17.85,21.05,21.05,21.05,27.3,27.3,27.3,27.3,27.3,33.85,33.85,33.85,33.85,33.85,33.85,35.7,35.7,35.7,40.6,40.6,46.9,51.75,51.75,56.35,60.7,63.4,63.4,66.65,67.65,67.65,67.65,67.65,69.5,71.9,72.9,72.9,74.45,77.95,82.6,87.5,88.5,91.15,94.9,95.65,105.25,105.95,106.4,112.4,115.9,116.1,116.1,116.1,121.3,127.6,132.2,134.35,134.35,138.1,146.85,155.6,155.6,157.4,166.45,178,186.2,189.95,189.95,189.95,191.5,197.25,208.8,217.3,226.6,232.05,241.1,250.7,260.55,278.8,299.8,311.65,319.6,321.15,322.4,328.7,339.95,352.1,365.6,381.6,395.4,406.4,414.9,423.7,430.8,441,455.3,474.35,486.45,491.9,503.15,517.5,530.7,545,564.05,579.45,593.55,610.4,630.85,645.2,657.05,672.8,693.8,715.9,731.65,742.65,751.4,760.7,675,752,41.1516769977645,3940.20199338438,108,98.2,5.93295878967653,96.8,5.6134758493389,1882.1,757.5,1844,1023.4,-95.2,798.7,1452.75,331.15,1321.35,1705,1775,2312,20.6824175824176,8.41666666666667,20.0434782608696,11.2461538461538,-1.05777777777778,8.68152173913044,15.9642857142857,3.67944444444444,14.3625,18.7362637362637,19.7222222222222,25.1304347826087,96
1960,0,0,3.5,3.5,3.5,3.5,3.5,4.8,5.25,7.65,8.65,8.65,11.6,12.9,16.95,16.95,16.95,16.95,16.95,16.95,16.95,16.95,16.95,16.95,16.95,19.05,21.45,25.5,28.7,29.15,29.35,30.05,30.05,30.05,30.5,31.8,39.2,39.2,39.2,46.05,57.35,64.7,64.7,64.7,64.7,64.7,64.7,66.85,67.6,67.6,67.6,67.6,67.6,67.6,67.6,67.6,68.05,68.05,68.05,68.05,68.05,68.05,68.05,68.05,68.05,68.05,68.05,68.05,68.05,68.05,68.05,68.05,68.05,68.05,68.05,68.05,68.05,69.6,70.05,70.05,70.05,70.05,70.05,73,73,73.7,78.85,92.35,104.75,116.85,126.75,137.2,144.35,149.25,162.45,166.8,169.75,177.7,187.05,190.55,192.7,196.8,211.95,224.9,243.95,263.55,281.5,298.3,310.95,317.5,327.1,342,360.25,380.95,401.35,423.75,445.05,460.5,469.55,480.55,493.75,503.35,511.6,521.75,532.75,546.5,560.6,575.2,586.2,594.15,605.15,614.8,622.15,631.2,639.4,653.45,504,518.5,35.9578382199251,3286.36996755751,96,100.8,5.35723809439155,97.4,6.1680178699842,1826.3,552.9,1570.2,949.3,-174,617.4,1387.8,189.45,1093.8,1959,2138,2435,20.0692307692308,6.07582417582418,17.0673913043478,10.4318681318681,-1.91208791208791,6.71086956521739,15.2505494505494,2.08186813186813,11.8891304347826,21.5274725274725,23.4945054945055,26.4673913043478,105
1961,0,0,0,0,0,0.45,1.15,1.15,1.15,1.15,1.15,1.15,1.15,2.45,3.7,3.7,5,6,6,6,6,6,6,6,6,6,6,6,6,6,6,6,6,6,6,6,6,6,6,6,6.75,6.75,6.75,6.75,9.15,10.7,11.4,11.85,18.4,29.1,30.65,30.65,31.4,38.8,45.6,53.5,56.45,64.1,66.2,66.2,69.7,76.8,86.4,100.2,115.35,128.55,132.6,133.05,133.05,135.2,142.05,145.85,149.35,155.6,157.15,157.15,157.15,157.6,161.1,162.65,162.65,163.1,167.45,172.9,178.9,190.15,203.1,213.5,219.8,221.35,225.4,228.05,230.15,232.8,239.1,245.9,249.65,253.15,256.4,262.1,267.25,269.65,270.9,278.85,288.75,297.5,303.8,308.4,314.4,320.4,326.95,340.45,355.9,373,392.35,405.3,412.15,421.75,427.75,434.05,443.4,452.7,461.45,469.95,478.75,487.55,499.4,517.05,536.4,550.75,562.55,577.75,593.2,610.6,628.3,645.45,696,570.5,36.9960429510287,4330.28710717146,105,99.8,6.57267069006199,97,6.39444203108363,1939.5,496.3,1601.6,1041.3,-227.2,641.3,1490.4,134.55,1121.45,1305,2975,2540,21.3131868131868,5.51444444444444,17.4086956521739,11.4428571428571,-2.52444444444444,6.97065217391304,16.378021978022,1.495,12.1896739130435,14.3406593406593,33.0555555555556,27.6086956521739,92
1962,0,0,0,4.05,4.05,7,11.9,12.05,12.05,12.05,12.05,12.05,12.05,12.05,15.55,15.55,15.55,15.55,15.55,15.55,15.55,19.3,20.55,20.55,22.95,24.25,26.65,26.65,26.65,26.65,26.65,26.65,26.65,26.65,29.3,34.2,34.2,34.2,34.2,34.2,34.2,34.2,34.2,34.2,34.35,34.35,34.35,34.35,34.35,34.35,34.35,34.35,35.9,36.9,39.85,39.85,39.85,41.65,46,46,46,46,46,46,46,46,46,46,46,47.25,53.25,57.3,60.55,62.95,63.95,65.8,68.5,70.05,76.35,80.65,86.65,92.05,97.5,103.2,109.45,116,122.85,134.15,149.6,164.75,172.15,175.65,178.6,181,189.75,200.2,214.8,223.85,233.75,244.75,250.75,255.05,259.65,265.1,267.75,269.6,272.3,279.95,287.9,292.55,300.2,315.65,329.15,339.3,353.9,371.3,390.65,410.5,430.65,448.6,459.6,467.55,481.05,497.85,513.3,531.8,546.4,558.25,568.1,576.6,588.15,599.7,609.3,625.85,647.95,666.45,721,711.5,39.3849322259668,1963.40933191484,92,99.6,6.65582451691749,96.7,6.30784344200844,1715.7,464.4,1713.7,850.3,-256.9,774.7,1283,103.75,1244.2,2463,2178,2590,18.8538461538462,5.16,18.6271739130435,9.34395604395604,-2.85444444444444,8.42065217391304,14.0989010989011,1.15277777777778,13.5239130434783,27.0659340659341,24.2,28.1521739130435,97
1963,0,0,0,0,0,0,0,0,0,1.55,6.15,8.8,8.8,8.8,8.8,8.8,8.95,9.15,9.15,14.05,14.05,14.05,14.05,14.05,14.05,14.05,14.05,14.05,14.05,14.05,14.05,14.05,14.05,14.05,14.05,14.05,14.5,14.5,14.5,14.5,14.5,16.85,16.85,16.85,16.85,16.85,16.85,16.85,16.85,16.85,19.25,19.25,19.25,19.25,19.25,19.25,19.25,19.25,19.4,19.4,19.4,20.95,27.5,29.6,33.35,36.05,39.85,44.45,49.3,49.3,51.1,58.75,61.95,62.4,64.55,76.1,83.75,84.45,89.05,89.05,90.05,92.7,100.65,114.15,126.25,135.85,147.7,157.85,172.2,184.3,190.85,208.25,226.75,238.85,245.45,252,262.7,269.5,276.05,279,285.6,293.85,302.65,312.25,320.75,328.4,338.85,356.25,373.9,391.55,407,420.5,431.2,437.2,444.6,452.8,462.4,472.6,480.25,493.5,497.3,505.8,517.1,532.5,549.9,564.75,579.35,598.7,622.2,645.15,655.6,663.8,674.25,689.7,703.75,718.9,555,532.5,34.6746099314599,3469.70375888278,97,96.6,5.12835256198323,97.4,5.29570056219613,1921.7,350.6,1822.4,823.6,-435,737.2,1372.65,-42.2,1279.8,2618,1405,1899,21.1175824175824,3.89555555555556,19.8086956521739,9.05054945054945,-4.83333333333333,8.01304347826087,15.0840659340659,-0.468888888888889,13.9108695652174,28.7692307692308,15.6111111111111,20.6413043478261,93
1964,0,0,5.15,7,7.7,9,9.7,9.7,12.1,12.1,12.1,12.1,12.1,12.1,12.1,12.1,12.1,12.1,12.1,12.1,17.8,21.85,23.95,26.3,33.65,37.15,39,39,39,39,39,40.55,42.65,42.65,42.65,47,50.5,56.2,56.2,56.2,56.2,56.2,56.2,56.2,56.2,56.2,56.2,56.2,56.2,56.2,56.2,56.2,56.2,56.2,56.2,56.2,59.15,59.15,59.15,59.15,61.25,66.7,71.05,75.1,87.5,92.1,97.85,102.15,115.65,126.1,127.95,129.2,131.05,136.5,142.5,148.75,158.1,158.1,158.8,160.65,160.65,162.25,165.2,172.6,184.7,196,200.35,206.35,209.55,209.55,209.55,209.55,209.55,218.6,219.6,223.1,225.2,234,241.7,247.7,254.25,261.9,271.8,283.95,297.15,309.25,316.9,334.05,352.3,367.15,374.5,378.8,386.75,399.4,410.95,417.5,425.7,433.35,445.75,452.3,457.75,464,471.7,480.2,492.6,505.55,518.5,534.2,554.1,576.75,596.65,613.75,631.45,649.4,662.9,673.35,557,581.5,34.8087641634691,5276.91627129288,93,97.8,5.6302753041037,98,5.45690184791497,1892.4,730.6,1813.2,795.2,-156.6,697.4,1343.8,287,1255.3,1480,2600,2123,20.7956043956044,8.02857142857143,19.7086956521739,8.73846153846154,-1.72087912087912,7.5804347826087,14.767032967033,3.15384615384615,13.6445652173913,16.2637362637363,28.5714285714286,23.0760869565217,102
1965,0,0.75,0.75,0.75,0.75,0.9,0.9,6.35,12.9,12.9,12.9,12.9,12.9,12.9,12.9,12.9,12.9,12.9,12.9,12.9,12.9,14.45,14.45,14.45,14.45,17.7,17.7,17.7,17.7,17.7,17.7,17.7,17.7,17.7,17.7,17.7,20.9,24.7,31.8,35.85,37.4,41.75,49.15,52.65,52.65,52.65,52.65,54.5,57.45,57.45,57.45,60.35,60.35,60.35,60.35,62.45,62.45,62.45,67.05,70.3,70.75,72.85,78.25,78.25,78.25,79.25,81.4,84.35,84.8,84.8,84.8,84.8,85.5,87.35,91.4,91.4,91.4,93.25,93.25,93.25,93.7,102.2,105.15,105.15,107.3,108.85,112.05,122.25,124.05,124.05,125.05,125.8,127.35,129.75,135.2,138.95,142.15,153.7,160.55,166.85,172.05,188.3,196.55,202.3,208.05,215.2,222.9,232.25,235.5,241.5,251.4,265.75,277.6,281.9,283.7,293.6,302.1,309.5,319.7,333.45,346.4,362.15,380.65,400.5,414.8,428.85,438.2,447.8,463.25,483.95,504.95,521.8,538.1,550.2,564.85,584.2,583,760.5,41.0236878798971,4384.78113241247,102,97.8,5.6302753041037,99.3,5.41705126839727,1903.1,720.3,1647.2,908.7,-199.6,614.7,1405.9,260.35,1130.95,1221,1295,1968,20.9131868131868,8.00333333333333,17.904347826087,9.98571428571429,-2.21777777777778,6.68152173913044,15.4494505494505,2.89277777777778,12.2929347826087,13.4175824175824,14.3888888888889,21.3913043478261,105
1966,10.15,13.65,17.4,17.85,17.85,20.8,22.95,22.95,22.95,24.75,24.75,24.75,24.75,24.75,24.75,24.75,24.75,24.75,24.75,24.75,24.75,24.75,24.75,24.75,24.75,24.75,24.75,24.75,24.75,24.75,24.75,24.75,24.75,24.75,24.75,24.75,24.75,24.75,24.75,24.75,28.25,32.85,34.95,41.5,46.9,50.65,50.65,50.65,50.65,51.4,51.4,51.4,51.4,51.4,51.4,51.85,52.05,52.05,55.3,62.4,70.05,77.4,87.55,94.4,94.4,94.4,94.4,94.4,97.05,103.35,111,119.2,123,129,130.85,133.8,143.4,153,158.15,163.6,177.95,190.05,196.35,197.35,200.55,200.55,200.55,201.8,206.7,209.95,217.6,221.65,226.55,230.3,234.1,238.15,245,250.75,255.9,259.7,264.3,268.4,269.4,274.85,280.3,289.1,297,306.9,317.3,329.15,344.3,357.5,367.95,385.9,402.2,413.75,420.05,422.75,427.65,435.55,450.15,456.4,466.05,474.85,485.25,505.7,519.2,536.85,542.6,547.5,554.3,568.1,584.65,594,607.5,621.85,617,517,34.8346937708343,4641.5540098177,105,98.4,4.97995983919549,99.1,5.54677083235522,1830.3,537,1709,831.6,-202.9,652,1330.95,167.05,1180.5,3326,2743,1910,20.1131868131868,5.96666666666667,18.5760869565217,9.13846153846154,-2.25444444444444,7.08695652173913,14.6258241758242,1.85611111111111,12.8315217391304,36.5494505494505,30.4777777777778,20.7608695652174,95
1967,0,0,0.7,1.7,1.7,1.7,2.45,7.35,7.35,7.55,7.55,7.55,10.2,14.25,18,18,18.7,18.7,18.7,18.7,20,25.15,33.95,43.6,54.35,64.5,71.6,71.6,71.6,71.6,71.6,75.7,83.95,83.95,83.95,85.5,85.5,85.5,85.5,85.5,85.5,85.65,85.65,85.65,87.45,95.4,100.55,100.55,100.55,100.55,100.55,100.55,100.55,100.55,100.55,100.55,100.55,100.55,100.7,100.7,101.45,112.15,115.65,117.5,120.4,121.4,121.4,126.6,135.1,147.8,154.65,157.55,170.5,177.05,177.2,177.2,177.2,177.2,177.2,177.2,177.65,178.65,181.05,184.55,191.35,195.65,202.5,211,217.85,225.5,236.5,252.8,267.95,271.7,277.4,292.6,304.75,312.15,320.1,333.6,337.95,341.45,346.05,360.65,380.25,397.95,407.25,418.8,425.9,435.55,448.2,467,478.3,486,492,497.45,502.05,510,518.8,531.45,548.55,565.4,575.85,584.9,597.3,605.25,611.25,620.55,628.75,638.1,651.3,663.4,670.5,678.15,693.05,703.5,767,756,38.5243808069689,3037.11972027668,95,98.2,5.06951674225463,98.9,5.62632700396587,1776.4,750.1,1688.4,747.1,-110.8,572.2,1261.75,319.65,1130.3,1033,2437,2175,19.5208791208791,8.33444444444445,18.3521739130435,8.20989010989011,-1.23111111111111,6.2195652173913,13.8653846153846,3.55166666666667,12.2858695652174,11.3516483516484,27.0777777777778,23.6413043478261,96
1968,0,0,0,0,0,0,0,0,0,0,0,0,0,0.45,0.45,0.45,0.45,0.45,1.75,3.55,5.95,5.95,6.65,6.65,6.65,6.65,6.65,8.2,12,17.7,19.55,20,23.2,26.4,27.65,29.5,31.65,31.65,31.65,31.65,31.65,31.65,31.65,31.65,31.65,31.65,31.65,31.65,31.65,31.65,31.65,31.65,31.65,31.65,31.65,31.65,31.65,31.65,31.65,31.65,31.65,32.65,32.65,34.5,39.7,42.1,42.1,44.5,54.65,64,70,70,70,70,71,78.65,84.95,90.4,100,111,122.85,138.55,145.4,147.25,151.3,159.25,171.1,185.15,200.35,214.7,228.5,237.6,243.6,250.45,262.85,272.15,276.2,282.75,293.45,308.65,320.2,329.25,338.3,351.25,367.55,377.45,386.5,396.4,409.35,424.8,441.05,455.35,465.8,475.4,485.55,493.25,502.55,512.15,521.5,530.85,540.75,552,564.4,580.1,593.6,606.25,615,623.8,635.1,650.55,669.05,685.6,703.3,716,725.35,736.6,627,610,36.9993877674338,4143.99622067711,96,97.6,5.94138031100518,97.1,5.25885496620277,1947.8,545.9,1858.8,992.3,-335.6,704.8,1470.05,105.15,1281.8,2480,1269,2394,21.4043956043956,5.9989010989011,20.204347826087,10.9043956043956,-3.68791208791209,7.66086956521739,16.1543956043956,1.15549450549451,13.9326086956522,27.2527472527473,13.9450549450549,26.0217391304348,90
1969,0,0,0,0,0,0,0,0,4.1,4.1,4.1,4.1,4.1,4.1,4.1,4.1,4.3,6.4,8.5,8.5,8.5,10.6,13.8,17.85,18.85,18.85,18.85,18.85,18.85,23.2,28.35,30.2,30.95,31.4,31.4,31.4,31.4,31.4,31.4,31.4,31.4,31.4,31.4,31.4,31.4,31.4,31.4,31.4,31.4,32.1,32.1,32.1,32.1,32.1,34.25,35.25,35.25,35.25,35.7,35.7,35.7,37,38.3,38.3,38.3,38.3,40.1,40.1,40.1,40.1,40.1,40.1,40.8,40.95,42.75,46.8,54.15,64.05,69.2,79.9,85.9,89.95,96.5,105.25,107.95,110.1,112.75,121.25,121.25,121.25,124.45,138.5,145.05,151.3,163.45,171.7,180.2,192.35,207.25,222.45,233.2,240.85,247.65,256.95,268.2,282,298.85,313.5,326.45,334.15,342.35,350.6,358.25,365.1,374.4,387.1,403.9,423.5,435.9,445.25,455.15,466.7,483.25,501.45,519.4,535.95,553.3,572.35,586.1,597.4,607.25,616,628.35,644.05,659.2,674.65,682,651.5,37.81499229218,3074.21006283868,90,97,5.52268050859363,97.4,5.27467745196066,1843.6,527.3,1810.9,855.6,-155,709.8,1349.6,186.15,1260.35,2184,2619,1149,20.2593406593407,5.85888888888889,19.6836956521739,9.4021978021978,-1.72222222222222,7.71521739130435,14.8307692307692,2.06833333333333,13.6994565217391,24,29.1,12.4891304347826,99
1970,0,0,0,0,0,0,0,0,0,0,0,0,0,0,0,0,0,1.3,1.3,1.3,1.3,1.3,1.3,1.3,1.75,7.5,7.95,7.95,14.5,14.5,14.5,17.7,23.95,23.95,23.95,23.95,23.95,23.95,23.95,24.95,25.95,27.5,27.5,27.5,27.5,27.5,27.5,27.5,27.5,29.6,29.6,29.6,32.55,34.95,37.9,39.15,39.15,39.9,40.05,40.05,45.5,46.8,46.8,51.1,52.65,54.75,59.1,59.1,60.4,65,65.45,66.15,66.15,66.15,66.15,66.15,66.15,68.25,69.25,73,73.45,76.4,79.9,82.55,91.35,96.2,102.2,102.65,102.65,103.95,106.6,117.05,123.85,129.3,132.8,133.8,138.7,145.55,160.15,169.2,173.8,179.8,186.05,190.35,197.75,206.25,215.85,226,232.25,241,252.25,264.35,274,287.5,301,312.55,324.65,337.6,353.85,370.95,388.9,406.55,416.7,424.35,437.3,444.7,451.5,466.1,486,505.9,526.05,546.25,566.15,584.65,597.9,612.5,620,668,37.8151910726556,4583.93362143186,99,97.2,5.89067059000926,97.5,5.44160923910484,1974.6,604.6,1694.9,1083.7,-251,666.3,1529.15,176.8,1180.6,2383,1843,2784,21.6989010989011,6.71777777777778,18.4228260869565,11.9087912087912,-2.78888888888889,7.24239130434783,16.8038461538462,1.96444444444444,12.8326086956522,26.1868131868132,20.4777777777778,30.2608695652174,106
1971,0,0,0,0,0.75,0.75,0.75,0.75,0.75,0.75,0.75,0.75,0.75,0.75,0.75,0.75,0.75,0.75,0.75,0.75,0.75,0.9,1.6,1.6,1.6,1.8,1.8,1.8,1.8,4.5,4.5,4.5,4.5,4.5,4.5,4.5,4.5,4.5,4.5,4.5,4.5,4.5,9.4,10.15,10.15,10.15,10.15,10.15,15.05,21.05,30.4,37.5,39.9,41.45,43.55,47.9,54.2,65.75,75.35,81.65,83.75,83.75,83.75,84.2,88.25,91.5,91.5,91.5,91.95,95.45,100.05,106.6,109.8,120.55,130.45,130.65,130.8,134.6,135.6,138.25,143.7,143.7,143.7,143.7,143.7,145.8,150.15,155.85,158.25,160.65,169.7,177.65,183.1,189.65,197.05,198.05,202.1,207.8,218.55,228.45,236.4,247.1,260.3,270.2,275.1,284.45,293.2,304.5,316.6,329.25,343.55,351.8,360.55,371.25,380.6,390.2,397.85,408,415.95,423.6,433.5,444.2,451.85,461.45,476.1,491.8,503.1,514.1,526.2,540.55,555.45,571.7,585.75,599.55,612.5,623.25,636,738.5,40.6557299498536,5167.54146118177,106,97.8,5.76194411635517,98.1,5.08702052067591,1902.5,735.6,1649.6,1126.7,-75.3,593.3,1514.6,330.15,1121.45,3140,2275,2752,20.9065934065934,8.17333333333333,17.9304347826087,12.3813186813187,-0.836666666666667,6.44891304347826,16.643956043956,3.66833333333333,12.1896739130435,34.5054945054945,25.2777777777778,29.9130434782609,98
1972,0,1.3,1.45,1.6,1.6,1.6,1.6,1.6,2.35,7.25,13.5,18.4,27.2,28.45,28.45,28.45,28.45,28.45,34.7,34.7,37.35,38.9,41.55,47.25,51.6,51.6,51.6,51.6,51.6,51.6,51.6,51.6,51.6,52.85,52.85,52.85,52.85,52.85,52.85,52.85,52.85,52.85,52.85,56.35,59,64.15,66,66,66,66,66,66,66,66,66.45,69.95,70.95,70.95,74.45,85.75,97.85,113.85,118.7,118.7,118.7,118.7,125.8,129.3,129.3,129.3,129.3,137.5,142.95,144.25,146.1,152.35,158.9,165.75,169.25,171.65,179,188.05,188.05,188.05,188.05,189.35,193.65,196.05,199,205.25,210.7,216.7,219.95,223.7,229.15,234.35,245.35,248.6,248.6,248.8,253.7,265.25,274.85,285.3,299.35,309.5,321.65,334.6,346.4,363.2,377,385.2,389,400.8,408.5,415.6,421.3,428.15,436.1,447.9,461.15,477.15,494.55,509.75,523.25,534.25,546.6,564,579.2,588.55,599.55,610.3,623.8,637.3,650.8,664.85,741,859.5,41.1863299907394,4121.82897794161,98,99,5.91607978309962,98.6,5.21109926556341,1744.5,779.5,1650.3,871.6,-13.5,671.4,1308.05,383,1160.85,2764,3114,2808,19.1703296703297,8.56593406593407,17.9380434782609,9.57802197802198,-0.148351648351648,7.29782608695652,14.3741758241758,4.20879120879121,12.6179347826087,30.3736263736264,34.2197802197802,30.5217391304348,102
1973,8.8,9.25,9.25,10.8,12.6,12.6,12.6,12.6,12.6,12.6,12.6,12.6,12.6,12.6,12.6,13.35,15.75,19.5,26.6,26.6,26.6,31.8,37.25,37.25,38,42.9,46.15,50.2,50.2,50.2,50.2,50.2,57.3,61.35,65.15,70,72.35,75.6,75.8,75.8,75.8,75.8,75.8,75.8,75.8,77.35,77.35,77.35,77.35,77.35,78.35,81,81,81,81.15,81.15,84.9,84.9,85.1,88.3,94.3,101.4,108.75,115,118.5,122.85,132.45,141.5,149.2,155.5,168.2,177,187.75,199.05,214.2,223.8,224,226.95,230.7,231.45,232.45,236.2,240.85,246,255.05,263.55,268.4,273,282.05,290,302.1,312.55,322.7,330.9,337.15,345.35,354.1,357.9,363.05,368.2,370.6,370.8,373.2,376.7,383.25,393.7,407.2,422.9,438.9,453.25,466.5,485.3,502.95,517.55,527.45,535.95,543.6,552.1,560.3,568.8,582.3,600.25,613.75,621.4,629.1,640.95,654.45,668.8,685.4,701.4,718.25,732.3,745.5,759.55,769.95,778.75,627,647,34.3938074607647,5593.51161700997,102,101.2,3.11448230047949,99.4,4.85798312059645,2068.6,757,1724.1,1070.7,-69.1,791.9,1569.65,343.95,1258,1085,2789,2682,22.7318681318681,8.41111111111111,18.7402173913043,11.7659340659341,-0.767777777777778,8.60760869565217,17.2489010989011,3.82166666666667,13.6739130434783,11.9230769230769,30.9888888888889,29.1521739130435,101
1974,1.85,1.85,1.85,1.85,1.85,1.85,3.4,3.4,3.4,3.4,5.5,5.5,5.5,5.5,5.65,11.65,17.1,17.1,21.75,23.6,27.4,33.7,43.3,47.35,50,51.25,63.1,70.25,77.95,84.5,92.15,94.55,96.35,96.35,96.35,96.35,96.35,97.9,97.9,97.9,97.9,97.9,98.9,106,109.5,109.5,109.5,110.8,110.8,114,119.15,121.8,133.9,137.7,138.4,138.4,138.4,138.4,144.1,151.5,158.05,168.5,185.05,198.8,206.2,217.2,228.2,231.7,239.65,242.05,243.9,243.9,245.75,249.5,255.5,259.25,264.4,270.95,276.4,281.85,284.25,289.7,292.9,292.9,296.4,303,310.65,312.75,315.1,319.15,324.9,336.7,348.8,363.7,373.55,376.8,382.55,390.8,394.05,397.55,403,414.85,430.25,445.15,457.55,465.8,474.6,485.9,494.7,501.8,514.75,531.9,543.2,549.5,557.75,569.6,581.7,597.4,618.4,637.75,654.3,662.8,674.35,685.05,692.15,701.5,708.35,716.85,729.25,744.95,758.75,771.4,784.35,799,818.6,838.75,736,773,40.4403287768165,4965.03710312838,101,100,4.84767985741633,98.5,5.1478150704935,1886.1,896,1838.4,885.6,81.9,768.5,1385.85,488.95,1303.45,1717,2044,2758,20.7263736263736,9.95555555555556,19.9826086956522,9.73186813186813,0.91,8.35326086956522,15.2291208791209,5.43277777777778,14.1679347826087,18.8681318681319,22.7111111111111,29.9782608695652,93
1975,5.2,5.65,5.65,7.2,7.2,7.2,9.05,10.6,16.9,20.65,35.25,41.25,41.25,41.25,41.25,41.25,41.25,41.25,41.25,41.25,41.25,41.25,41.25,41.7,47.45,50.4,51.4,54.35,64.2,69.05,70.05,70.05,70.05,70.05,70.05,70.05,72.2,72.2,72.2,72.2,72.2,74.05,74.05,74.05,74.05,74.05,76.15,77.7,81.45,85.5,86.5,88.85,92.95,101.7,113.8,120.1,125.55,128.75,131.15,133.85,133.85,133.85,133.85,133.85,140.95,147.5,147.5,147.5,147.5,148.2,150.3,157.15,157.15,159,161.15,166.3,168.95,176.9,186.5,195.3,205.45,213.95,222.7,231.75,232.75,232.75,235.95,244.45,249.35,252.55,263.55,272.05,278.6,279.9,279.9,282.3,285.25,291.25,296.7,303.25,308.4,314.15,318.2,322.8,327.15,334.55,345.3,356.6,373.15,384.45,393.25,399.55,410.8,428.2,443.35,455.2,464.25,474.45,482.65,492.3,501.1,514.6,527.25,540.45,551.7,565.2,578.7,592.5,607.1,622.55,637.2,654.05,670.6,687.4,704.25,721.95,654,592.5,33.2971120528901,6180.75452993473,93,97.4,4.27784992724149,97.3,4.85455112926691,1992.4,828.1,1688.4,1043.8,38.7,781,1518.1,433.4,1234.7,4267,2206,3095,21.8945054945055,9.20111111111111,18.3521739130435,11.4703296703297,0.43,8.48913043478261,16.6824175824176,4.81555555555556,13.420652173913,46.8901098901099,24.5111111111111,33.6413043478261,93
1976,0,0,1.85,1.85,1.85,1.85,1.85,1.85,1.85,1.85,1.85,1.85,2.85,5.5,5.5,6.25,6.25,6.25,6.25,6.25,6.25,6.25,6.25,6.25,6.25,10.85,15.45,15.45,18.1,18.1,18.1,20.2,20.2,20.2,20.2,20.2,20.2,20.2,20.2,20.2,21.45,28.05,31.8,40.3,43.5,46.4,57.4,73.95,86.85,97,103.85,112.1,118.1,118.1,122.45,130.7,140.3,150.75,161.75,173.3,187.35,193.05,197.7,204.55,218.85,225.4,230,233.5,233.5,233.5,237,239.7,249.05,252,257.7,260.65,260.65,260.65,270.55,282.95,297.85,301.9,306.8,317,328,339,352.5,362.1,370.35,378.85,388.5,397,402.2,410.1,416.1,422.9,430.85,440.15,448.35,452.1,459.2,465.5,467.6,475,484.3,497.8,516.6,536.75,557.75,579.05,600.9,621.35,640.4,657.8,674.35,690.9,698.3,702.9,710.85,721.85,733.65,746.9,761.2,771.65,779.6,792.8,811.05,827.3,836.35,845.95,860.3,875.2,886.8,896.95,915.45,935.35,709,685.5,39.2779831358776,1921.0258667543,93,94.4,7.66811580507233,96.1,6.6407830863536,1666.7,783.7,1924.1,783.4,-121.1,807.9,1225.05,331.3,1366,4024,1803,1843,18.3153846153846,8.61208791208791,20.9141304347826,8.60879120879121,-1.33076923076923,8.78152173913043,13.4620879120879,3.64065934065934,14.8478260869565,44.2197802197802,19.8131868131868,20.0326086956522,83
1977,0,0,0,0,0,0,0,0,0,0,0,0,0,0,0,0,0,0,0,0,0,0,0,0,0,0,0,0,0,0,0,0,0,0,0,0,0,0,0,0,2.95,7.3,10.5,14.8,15.25,15.25,15.25,15.25,15.25,15.25,15.25,15.25,17.65,26.95,34.9,44.8,53.55,64,66.1,68.2,68.65,71.9,80.4,90.3,97.15,102.05,105.85,114.6,124.5,135.5,147.6,161.65,170.7,180.6,191.05,198.75,209.45,213.8,217.6,221.65,226.3,230.1,231.65,232.1,236.15,241.6,251.2,267.75,285.45,297.3,306.1,317.1,331.7,338.5,345.9,349.4,351.5,355,356.55,362,376.3,393.95,412.15,429,441.1,454.05,467,481.05,498.15,512.75,528.5,548.35,567.7,582.3,594.15,602.95,613.65,628.25,635.1,645.55,659.05,675.6,692.45,705.65,724.95,744.55,760,773.5,779.75,788.55,800.9,814.4,834,850.85,865.15,880.05,624,582,37.3043760069405,5477.89931737157,83,91,7.21110255092798,95,7.5129517797231,1857.5,529.1,2006.2,1127.3,-339.1,928.9,1492.4,95,1467.55,2666,1783,1668,20.4120879120879,5.87888888888889,21.8065217391304,12.3879120879121,-3.76777777777778,10.0967391304348,16.4,1.05555555555556,15.9516304347826,29.2967032967033,19.8111111111111,18.1304347826087,85
1978,0,0,0,0,0,1.85,3.4,10.25,10.25,10.25,10.25,10.25,10.25,10.25,10.25,10.25,10.25,10.25,10.25,10.25,10.25,10.25,10.25,10.25,10.45,12.3,12.3,12.3,12.3,12.3,12.3,12.3,12.3,12.3,12.3,12.3,12.3,12.3,12.3,12.3,12.3,12.3,12.3,12.3,12.3,12.3,12.3,12.3,12.3,12.3,12.3,12.3,12.3,12.3,12.3,14.4,14.4,14.4,14.4,14.4,14.4,14.4,14.4,14.4,14.4,14.4,14.4,14.4,15.1,18.05,25.45,29.75,37.7,43.95,44.95,45.4,45.4,55.85,62.4,73.95,83.3,95.15,102.55,104.1,106.45,113.55,122.6,132.45,136.2,143.9,159.6,171.7,175.45,185.05,196.9,204,216.65,229.85,237.2,249.05,265.3,278.25,294.25,304.7,313.2,319.45,329.3,338.35,346.85,356.45,363.85,371.25,379.2,391,400.6,407.15,414.85,425.55,438.2,452.25,460.5,469.85,481.4,487.95,494.8,505.55,517.95,528.1,546.05,558.7,571.05,587.6,601.9,614.85,628.05,638.5,569,688.5,34.7730396259605,5902.98520645524,85,91.2,7.56306816047562,96.2,7.58360805363193,1938.5,564.3,1682.5,1062.8,-185.6,763.4,1500.65,189.35,1222.95,1140,2930,2790,21.3021978021978,6.27,18.2880434782609,11.6791208791209,-2.06222222222222,8.29782608695652,16.4906593406593,2.10388888888889,13.2929347826087,12.5274725274725,32.5555555555556,30.3260869565217,102
1979,7.65,10.9,10.9,10.9,10.9,10.9,11.9,12.05,12.05,12.05,12.05,12.05,12.05,12.05,12.05,12.2,12.2,12.2,12.2,12.2,13.2,13.2,13.2,18.1,18.1,18.1,19.1,19.1,19.25,19.25,19.25,19.25,19.25,19.25,19.95,19.95,19.95,19.95,19.95,19.95,19.95,19.95,19.95,19.95,19.95,19.95,19.95,19.95,19.95,19.95,19.95,19.95,22.9,23.1,24.35,25.9,26.05,26.25,29.45,33.2,38.35,41.85,49.5,59.95,67.65,72.5,77.65,84.2,95.2,96.2,98.05,104.6,112.25,112.25,112.25,117.95,126.75,132.2,139.55,148.85,158.45,168.9,180.15,186.7,189.05,191.75,195.25,208.2,225.6,244.35,256.5,264.15,272.05,276.65,284.9,289.5,292.45,298.2,301.4,307.95,316.75,327.15,333.15,341.4,349.6,356.4,364.35,374.25,383.05,392.4,403.95,418.3,433.75,446.95,464.35,478.65,493.25,504.55,513.05,524.6,537.85,549.65,564.55,576.95,586.85,598.95,615.25,634.6,655.6,677.75,699.6,718.4,736.3,751.2,766.35,780.95,549,584.5,33.3134339023524,6927.36051206903,102,91,7.51664818918645,95.5,7.61941963377497,1902.2,565.1,1812,1078.9,-168,889.2,1490.55,198.55,1350.6,3689,3333,2002,20.9032967032967,6.27888888888889,19.695652173913,11.856043956044,-1.86666666666667,9.66521739130435,16.3796703296703,2.20611111111111,14.6804347826087,40.5384615384615,37.0333333333333,21.7608695652174,92
1980,0,0,0,0,0,0,0,0,0,0,2.65,4.2,4.2,5.2,9.55,13.9,14.9,17.6,19.45,20.7,21.15,22.15,22.15,22.15,22.15,22.15,22.15,22.15,22.15,22.15,22.15,22.15,22.15,22.15,22.15,22.15,22.15,22.15,22.15,22.15,22.15,22.15,22.15,22.15,23.95,25.2,25.2,25.2,25.2,25.65,30.3,38.25,42.9,49.15,56.55,58.9,58.9,58.9,58.9,58.9,58.9,58.9,58.9,58.9,65.15,68.1,75.5,88.2,95.05,101.6,105.4,105.4,105.4,106.7,110.2,115.9,125.2,132.6,138.05,147.35,157,159.1,163.7,169.15,175.75,179.5,185.25,191,199.5,209.1,213.2,219.45,229.35,240.65,254.7,264.6,274.25,286.1,300.15,315.85,328,341.5,355.55,367.35,380.55,391,396.15,401.35,410.7,423.35,438.8,453.15,466.1,479.05,494.5,509.9,518.65,528,537.9,550.55,561.55,575.6,591.05,607.05,625.55,644.35,663.4,681.35,690.7,699.45,710.7,727.25,747.7,770.1,787.2,799.85,626,713,36.0100664205435,4338.61594640056,92,91.8,7.98122797569397,94.6,6.71978835645555,1945.2,650.7,1835,1069.9,-73.2,882.5,1507.55,288.75,1358.75,1791,1187,2784,21.3758241758242,7.15054945054945,19.945652173913,11.7571428571429,-0.804395604395604,9.59239130434783,16.5664835164835,3.17307692307692,14.7690217391304,19.6813186813187,13.043956043956,30.2608695652174,97
1981,0,0,0,0,0,0,0,0,0,0,0,0,0,0,0,0,0,0,3.5,7.8,7.8,9.9,12.55,13.85,14.3,20.55,26.3,29.8,29.8,29.8,29.8,30.25,33.75,33.75,33.75,33.75,33.75,33.75,33.75,33.75,37,41.35,41.35,41.35,41.35,43.15,47.25,56.3,67.3,78.3,87.65,95.55,105.75,114.25,118.6,122.35,127.5,134.05,142.55,149.95,153.45,154.15,155.15,155.6,157.45,158.2,160.05,164.4,168.2,172.8,176.6,185.95,187.8,193.55,198.2,199.2,199.2,199.2,199.2,201.05,204,207.75,214.85,220.6,228,238.7,247.75,262.1,275.6,293.25,307.85,322.15,337.6,356.95,372.1,379.75,387.65,400.9,415,427.1,443.95,456.05,463.15,475.25,483.5,492.85,506.65,524.6,536.45,546.35,551.8,561.7,579.1,591.75,600,609.05,624.2,641.85,660.9,673.55,682.9,693.65,704.1,717.85,731.65,744.3,754.45,765.45,777.85,792.2,808.75,821.15,832.7,850.95,867.25,880.75,684,678,38.0614499226761,4566.94332781279,97,93.8,6.30079360080935,94.1,6.62403032735945,1856.1,703.2,1856.2,994.9,-86.9,860.3,1425.5,308.15,1358.25,1491,1526,1918,20.3967032967033,7.81333333333333,20.1760869565217,10.932967032967,-0.965555555555556,9.35108695652174,15.6648351648352,3.42388888888889,14.7635869565217,16.3846153846154,16.9555555555556,20.8478260869565,93
1982,1.55,1.55,1.55,4.8,6.6,9,11.95,11.95,11.95,11.95,11.95,11.95,11.95,11.95,11.95,11.95,11.95,11.95,11.95,11.95,11.95,11.95,11.95,11.95,11.95,11.95,11.95,11.95,11.95,11.95,19.05,22,22,22.2,23.5,23.5,23.5,23.5,23.5,23.5,23.5,23.5,23.5,23.5,23.5,28.95,38.25,38.25,38.25,38.7,41.9,44,46.1,48.2,49.75,49.75,49.75,49.75,49.75,50.2,53.15,53.15,53.15,58,58,58,58,60.65,60.65,68.6,79.05,89.2,98.5,102.25,103.5,109.2,113.8,120.1,122.5,127.95,131.45,134.95,140.4,148.6,151.55,151.55,151.55,154.5,161.6,173.45,185.25,195.15,206.45,210.5,212.9,212.9,212.9,213.05,213.2,215.9,221.05,225.65,238.6,246.55,255.6,268.25,285.95,297.5,309.05,320.85,331.85,340.1,348,359.25,371.95,384.6,395.85,405.15,413.65,424.1,437.05,451.1,464.6,478.1,492.15,505.95,524.45,537.65,550.05,564.7,578.2,596.7,615.2,632.3,649.15,667.1,547,482.5,32.6200221922451,7195.34789225799,93,96.2,3.96232255123179,93.6,6.13188388670236,1916.8,656.5,1744.4,997.3,-129.8,731.2,1457.05,263.35,1237.8,1632,1865,2777,21.0637362637363,7.29444444444444,18.9608695652174,10.9593406593407,-1.44222222222222,7.94782608695652,16.0115384615385,2.92611111111111,13.454347826087,17.9340659340659,20.7222222222222,30.1847826086957,97
1983,1,2.3,2.45,2.45,2.45,4.3,9.75,10.45,11.45,16.35,20.4,20.4,20.4,20.85,21.3,21.3,21.3,21.3,21.3,21.3,21.3,21.3,21.3,23.1,25.2,25.2,25.65,25.65,25.65,27.5,29.6,30.3,36.6,41.75,41.75,41.75,41.75,41.75,41.75,41.75,41.75,41.75,41.75,41.75,41.75,41.9,43.75,46.45,48.3,50.7,52.25,56.05,62.05,66.65,68.2,69.2,69.2,69.2,71.85,76.5,85.85,95.45,108.4,115.8,122.95,130.65,133.35,136.6,140.95,144.7,147.65,153.65,159.1,169.8,174.95,179.6,187.3,199.45,209.6,218.95,220.5,221.8,221.8,221.95,223.2,228.1,234.65,237.6,237.6,239.15,243.5,247.8,257.4,264.8,271.1,277.65,285.6,296.3,303.15,310.8,317.05,323.9,330.75,338.15,347.8,353.25,357.3,358.55,359,361.65,366.55,375.05,384.1,388.75,392.8,404.35,419.25,437.45,454.3,473.05,492.4,512,531.05,542.65,554.5,565.25,578.75,591.7,600.2,610.1,622.2,634.3,648.1,664.9,685.9,696.6,576,706.5,34.9883475348758,4122.9442371537,97,95.2,2.48997991959775,93.2,5.71158666416104,1928.4,643,1661.5,1015.5,-87.9,755.3,1471.95,277.55,1208.4,3269,2717,4149,21.1912087912088,7.14444444444444,18.0597826086957,11.1593406593407,-0.976666666666667,8.20978260869565,16.1752747252747,3.08388888888889,13.1347826086957,35.9230769230769,30.1888888888889,45.0978260869565,97
1984,0,0,0,0,1.85,4.2,4.2,4.2,4.2,4.2,4.2,4.2,4.2,4.2,4.2,4.2,4.2,4.2,4.2,4.2,4.2,4.2,4.2,4.2,7.7,11.2,14.4,14.4,14.4,14.4,14.4,14.4,14.4,14.85,18.35,18.35,18.35,18.35,18.35,18.35,20.7,27.25,34.35,40.35,51.05,58.15,65.8,71.8,79.75,87.7,94.55,97.25,100.2,103.1,114.1,117.3,117.3,117.3,119.65,119.65,119.65,119.65,119.65,119.65,120.9,123.3,123.5,123.5,123.5,123.5,123.5,123.5,123.5,125.9,130,138.5,142.8,148.55,155.7,163.1,171.3,176.75,180.5,183.7,186.35,190.1,192.8,195.75,195.9,198.85,201.8,205.55,211.8,220.6,228.8,239.25,244.7,249.35,256.45,262.45,268.45,274.45,283.5,295.35,302.7,310.65,320.55,330.15,339.2,346.9,355.4,365.85,369.65,373.7,382.2,393.2,406.15,421.3,432.85,447.15,462.6,476.4,487.4,499.75,514.6,527.25,538,547.9,563.9,572.95,583.4,596.9,615.4,629.45,641.3,651.15,659,808,40.9145730987552,4477.68082863348,97,95.6,1.94935886896179,93.3,5.7164480035926,1813.3,812.1,1564.6,1003,41.5,667,1408.15,426.8,1115.8,2376,1611,3471,19.9263736263736,8.92417582417582,17.0065217391304,11.021978021978,0.456043956043956,7.25,15.4741758241758,4.69010989010989,12.1282608695652,26.1098901098901,17.7032967032967,37.7282608695652,94
1985,6.85,13.1,13.1,13.1,13.1,13.1,13.8,13.8,13.8,13.8,13.8,13.8,13.8,13.8,13.8,13.8,13.8,13.8,13.8,13.8,13.8,13.8,13.8,13.8,13.8,13.8,13.8,13.8,13.8,13.8,13.8,13.8,13.8,13.8,13.8,13.8,13.8,13.8,13.8,13.8,13.8,13.8,15.35,15.35,15.35,15.35,15.35,15.35,16.05,18.45,18.6,19.6,28.1,39.65,53.75,64.2,67.45,70.95,70.95,72.75,78.75,81.15,81.9,89.85,89.85,89.85,96.7,104.65,109.85,114.75,123,130.7,138.65,141.9,143.75,146.4,146.4,146.4,156.05,158.45,158.6,159.6,160.6,163.55,166.75,174.7,189.3,206.15,216.3,222.55,231.85,236.75,243,252.35,267.25,280.5,288.15,292.2,292.65,293.35,302.45,313.45,327.5,339.05,352,367.15,377.3,390.8,411.8,431.7,450.2,471.5,489.2,501.6,516.2,533.6,551.55,567.55,580.25,595.15,613.35,625.5,635.4,645.85,661.05,679.55,694.7,709,724.2,742.15,762,781.85,801.75,822.45,838.15,852.2,504,513,33.2677290264158,5825.07268191656,94,95.6,1.94935886896179,93.7,5.8319045869348,1950.6,539.3,1885.5,1125.2,-251.8,882,1537.9,143.75,1383.75,3810,1489,1956,21.4351648351648,5.99222222222222,20.4945652173913,12.3648351648352,-2.79777777777778,9.58695652173913,16.9,1.59722222222222,15.0407608695652,41.8681318681319,16.5444444444444,21.2608695652174,97
1986,0,0.15,5,5.15,5.15,5.15,5.15,5.15,5.15,5.85,5.85,9.1,9.1,9.1,9.1,9.1,9.55,18.9,27.1,29.2,31.9,37.9,37.9,37.9,37.9,37.9,37.9,37.9,37.9,37.9,37.9,37.9,45.85,46.6,46.6,49.85,50,50,50,50,50,50,50,50,50,50,50,51.3,52.3,53.55,55.35,59.95,59.95,59.95,59.95,59.95,59.95,59.95,59.95,59.95,59.95,59.95,60.15,60.15,61.45,61.45,61.45,66.05,78.15,88.6,90.15,93.05,101,112.3,120.25,124.3,128.35,141.55,145.6,145.6,145.6,148.85,154.3,161.4,173.8,183.4,189.7,200.95,216.4,232.4,247.05,261.65,272.05,283.35,290.75,297.3,309.95,324,329.45,332.65,335.9,343,348.2,356.7,364.35,369.5,373.3,382.9,392.25,404.35,415.05,418.85,421,430.1,442.2,454.6,470.05,484.95,501.25,515.9,535,545.45,552.3,560.8,576.5,595.55,617.65,633.1,644.1,655.1,669.45,682.1,694.5,703.3,716.25,735.3,769,864.5,43.1834624569464,2910.97943876688,97,95.4,2.30217288664427,94.6,4.55094617756694,1808.2,588.2,1819.2,975.8,-105.6,759.1,1392,241.3,1289.15,1991,2755,882,19.8703296703297,6.53555555555556,19.7739130434783,10.7230769230769,-1.17333333333333,8.25108695652174,15.2967032967033,2.68111111111111,14.0125,21.8791208791209,30.6111111111111,9.58695652173913,92
1987,0,0,0,0,0,0,3.75,3.75,3.75,3.95,3.95,3.95,6.6,10.1,17.5,21.3,21.3,21.3,21.3,21.5,21.5,21.5,21.5,21.5,21.5,21.5,21.5,21.5,21.5,21.5,21.5,21.5,23.35,24.35,25.35,25.35,25.35,26.65,28.45,28.45,28.45,28.45,28.45,28.9,28.9,28.9,28.9,28.9,28.9,28.9,28.9,28.9,28.9,28.9,29.1,29.1,29.1,29.1,29.3,40.85,46.3,50.35,50.35,50.35,51.9,60.95,70.85,74.95,74.95,74.95,75.65,76.1,76.1,76.1,76.8,79.2,83.3,88.45,93.35,97.95,105.35,111.9,120.7,129.2,141.6,152.35,164.5,176.05,185.7,190.9,191.05,198.15,200.55,205.7,205.9,206.9,214,223.35,230.75,241.75,255.55,266.55,276.7,285.75,293.1,299.1,309,321.4,335.45,348.4,364.7,381,389.5,399.7,405.45,412.85,420.25,428.2,438.9,451.05,461.2,473.6,488.5,494.25,501.65,513.45,528.65,541.9,555.4,572.55,591.9,612.05,623.9,636.3,652.85,665.25,687,704.5,36.9906646382627,4819.52401380141,92,93.4,4.15932686861708,94.8,4.10419839243237,1822.5,642.1,1748,876.5,-68.5,766.3,1349.5,286.8,1257.15,3081,2433,1616,20.0274725274725,7.13444444444444,19,9.63186813186813,-0.761111111111111,8.32934782608696,14.8296703296703,3.18666666666667,13.6646739130435,33.8571428571429,27.0333333333333,17.5652173913043,87
1988,3.8,3.8,3.8,3.8,3.8,3.8,3.8,3.8,3.8,3.8,3.8,3.8,3.8,3.8,3.8,3.8,3.8,6.2,6.65,6.65,9.3,9.3,9.3,9.3,9.3,9.3,9.3,9.3,9.3,10.05,16.85,27.55,35.2,35.2,35.2,35.2,35.2,35.2,35.2,35.2,35.2,35.2,35.2,35.2,35.2,37.3,37.75,39.55,41.95,43.25,47.3,47.3,47.3,55.25,55.25,55.25,55.25,55.25,55.25,56,57,60.8,68.45,71.1,71.1,72.95,78.1,83,90.4,94.7,98.45,107.25,113.5,113.5,113.5,113.5,113.9,114.35,117.3,118.05,118.05,118.05,121.55,135.35,149.95,160.15,165.05,170.75,180.95,193.3,205.45,217.05,229.2,243,259.55,273.9,286.3,291.5,297.5,304.1,311.5,318.85,322.6,326.65,331.55,340.05,343,350.95,359.7,362.9,368.35,376.85,385.65,395.5,404.3,413.35,423,435.1,442.5,448.8,458.15,468.3,477.35,486.15,495.75,506.45,516.9,532.35,544.45,556.8,572.8,587.4,601.45,618.3,634.6,650.6,631,718.5,37.8615666561566,4189.86215873857,87,92.2,3.70135110466435,93.7,3.36815148775177,1760,589.8,1711.3,838.6,-225.2,722.4,1299.3,182.3,1216.85,2269,1767,2229,19.3406593406593,6.48131868131868,18.6010869565217,9.21538461538461,-2.47472527472527,7.85217391304348,14.278021978022,2.0032967032967,13.2266304347826,24.9340659340659,19.4175824175824,24.2282608695652,91
1989,0,0,0,0,0,0,0,1.85,2.85,2.85,3.85,5.4,5.4,5.4,5.55,6.25,7.25,9.35,13.95,16.05,16.05,16.05,17.3,21.35,22.9,26.4,31.55,33.1,37.7,43.15,48,56.5,63.1,64.1,64.1,64.1,64.25,64.25,64.25,64.25,64.25,64.25,64.25,64.25,68.3,77.35,80,80,80,80,81,85.05,88.55,88.55,88.55,88.55,88.55,89,89,89,89.15,89.35,90.35,93,93,93,93,93,93,93.15,96.35,96.35,97.05,108.6,115.45,124.8,137.75,137.75,137.75,140.4,141.15,141.6,142.6,150,160.45,171.7,189.35,209.2,220.2,229.55,233.05,236.85,248.15,263.6,275.15,281.7,283.8,286.5,291.95,295.15,298.1,302.4,308.7,314.7,321.8,331.4,342.95,360.1,370.25,379.3,389.75,399.9,407,416.65,429.85,444.75,459.95,472.9,482.8,499.05,512.25,524.65,534.8,545.25,557.1,570.05,575.8,585.15,596.4,604.65,612,619.95,629.25,642.75,653.75,664.2,470,404,32.3860187300425,3266.48328244142,91,91,3.93700393700591,93.3,3.8020462326957,1860.6,519.8,1645.5,960.1,-212.4,723.7,1410.35,153.7,1184.6,3691,1879,3954,20.4461538461538,5.77555555555556,17.8858695652174,10.5505494505495,-2.36,7.86630434782609,15.4983516483516,1.70777777777778,12.8760869565217,40.5604395604396,20.8777777777778,42.9782608695652,88
1990,0.75,0.75,1.45,3,6.5,7.2,7.2,7.2,7.2,9.9,11.75,11.9,11.9,11.9,14.6,19.5,26.35,37.65,40.6,41.6,47.9,50.85,53.8,61.45,68.55,71.5,71.95,77.65,80.85,84.35,87.3,91.65,102.65,107.8,110.2,110.35,114.45,120.45,125.65,135,141,141.4,142.95,148.15,159.7,164.05,173.9,178.8,178.8,185.9,185.9,186.35,192.35,201.95,202.4,202.4,202.4,202.4,203.4,203.4,204.95,211.2,211.2,213.05,214.35,214.35,214.35,221.75,232.45,243.2,260.35,278.05,295.7,313.1,331.3,344.5,354.4,362.65,362.65,366.15,374.1,384.55,384.55,385.55,388.8,389.8,392.2,396.25,399.45,403.5,410.6,421.05,426.2,428.9,437.15,439.8,441.05,443.4,449.7,461.25,469.5,472.45,474.85,482.8,494.95,505.95,516.15,520.5,526.2,536.35,547.9,559.45,574.6,590.05,605.8,627.1,649.2,669.65,684.25,696.9,713.15,727.2,740.45,750.9,764.95,776.8,789.45,805.15,822.25,836.3,847.6,856.65,871.8,886.95,901,919.75,610,644,34.5070020181918,6235.7466481469,88,86.4,7.23187389270582,91,6.9602043392737,1971.2,1073,1781.3,1006.6,166.1,783.3,1488.9,619.55,1282.3,1613,2285,3013,21.6615384615385,11.9222222222222,19.3619565217391,11.0615384615385,1.84555555555556,8.51413043478261,16.3615384615385,6.88388888888889,13.9380434782609,17.7252747252747,25.3888888888889,32.75,74
1991,0,0,0.7,0.7,0.7,2.8,2.8,2.8,2.8,4.35,4.35,4.35,4.35,4.35,8.4,13.05,15.15,16.45,18.55,23.7,23.7,23.7,23.7,23.7,23.7,23.7,23.7,28,32.6,39.4,40.7,40.7,43.35,48.55,56.5,66.1,74,80,82.65,85.9,87.45,87.45,87.45,88.45,94.75,94.75,94.75,94.75,94.9,102.3,111.1,116.85,125.9,125.9,125.9,128.3,128.3,128.3,130.1,137.5,150.2,160.65,166.35,172.35,178.35,182.4,183.95,184.4,185.95,186.4,186.4,186.4,186.4,187.95,191.2,195.8,201.8,208.05,214.9,223.95,231.35,235.95,245,253.25,258.95,271.05,287.9,296.1,297.1,299.2,304.1,308.15,312.5,319.9,330.35,343.55,361.25,378.6,398.5,411.15,419.35,426.45,431.65,436.55,443.9,457.1,474.2,483.5,489.2,494.4,500.4,508.35,517.15,529.8,541.35,555.4,571.95,587.1,598.4,615.5,631.2,644.7,656.55,669.25,685,702.7,715.95,730.3,743.25,760.95,775.85,795.45,817.85,839.4,860.95,881.15,653,608,37.7185890474217,5150.89175832878,74,85.6,6.65582451691749,90.5,6.98013053045731,1879.6,880.9,1909.9,957.3,40.5,950.7,1418.45,460.7,1430.3,1621,2238,1874,20.6549450549451,9.78777777777778,20.7597826086957,10.5197802197802,0.45,10.3336956521739,15.5873626373626,5.11888888888889,15.5467391304348,17.8131868131868,24.8666666666667,20.3695652173913,88
1992,0,2.1,7.85,12.75,16.8,17.25,18.25,18.7,21.35,24.85,26.4,27.15,32.6,37.2,37.2,37.2,37.2,37.2,37.2,37.2,37.2,37.2,40.95,40.95,40.95,40.95,40.95,41.4,41.4,41.4,42.4,42.4,42.4,42.4,44.8,44.8,44.8,44.8,44.8,44.8,44.8,46.9,46.9,46.9,48.45,52.2,57.65,59.2,61.05,68.2,71.4,75.75,81.5,87.8,91.3,92.05,93.6,96.3,103.15,105.25,107.95,117.55,121.35,123.45,128.35,134.05,142.8,153.5,165.1,175.55,178.2,178.2,178.2,178.2,178.2,178.2,182,184.65,184.65,184.8,184.8,184.8,184.8,185.55,189.3,193.65,199.1,202.6,207.5,217.1,224.5,230.5,230.7,230.85,231.85,235.35,241.9,252.65,263.4,273.3,286.8,302.55,314.1,317.85,325,332.7,340.1,355.8,365.15,370.85,381.85,395.9,411.05,426.2,443.6,454.6,460.35,467.75,476.5,485.25,494.85,506.1,524.6,541.7,551.9,560.4,567.25,573,579.8,590,602.4,617,630.2,645.4,662.5,677.7,766,851.5,40.1144545495948,3597.23327347908,88,87.8,8.72926113711808,90.6,7.08989891794422,1718.5,771.1,1610.9,903.5,0.599999999999998,660.6,1311,385.85,1135.75,2262,2001,2400,18.8846153846154,8.47362637362637,17.5097826086957,9.92857142857143,0.00659340659340657,7.1804347826087,14.4065934065934,4.24010989010989,12.3451086956522,24.8571428571429,21.989010989011,26.0869565217391,98
1993,4.35,4.35,4.35,12,19.65,22.9,25.3,26.6,26.6,26.6,26.6,26.6,29.55,30.8,30.95,30.95,31.35,31.35,31.35,31.35,31.35,32.6,35,39.9,39.9,39.9,39.9,39.9,39.9,39.9,45.35,45.35,45.35,45.5,46.8,48.9,48.9,48.9,48.9,48.9,50.75,52.3,52.3,52.3,52.3,52.3,53.3,53.75,53.75,53.75,53.75,53.75,57.25,57.25,57.25,57.25,57.25,57.25,57.25,57.25,61,65.3,65.3,67.1,68.35,70.75,75.65,78.6,78.6,78.6,78.6,78.6,78.6,78.6,78.6,78.8,78.8,78.8,78.8,82.85,87.7,90.35,97.45,102.65,108.65,113,121.8,129.75,141.6,150.65,161.65,168.2,171.4,174.65,176.75,180.85,186.3,193.95,201.65,210.4,218.35,226.85,234.25,243.85,258.2,270.85,278.8,286.2,298,313.45,323.3,326.55,335.9,343.3,359.3,370.3,376.85,385.95,397.2,409.85,425.3,442.7,457.85,473,489.3,505.85,522.4,537.6,554.15,572.35,592.55,611.05,626.2,639.15,655.7,674.2,660,711,36.2832682407175,3848.46749787421,98,89.8,10.5924501414923,91,7.58653778449403,1815.6,635.6,1633.2,937.4,-89.8,696.3,1376.5,272.9,1164.75,2811,2427,3516,19.9516483516484,7.06222222222222,17.7521739130435,10.3010989010989,-0.997777777777778,7.56847826086956,15.1263736263736,3.03222222222222,12.6603260869565,30.8901098901099,26.9666666666667,38.2173913043478,101
1994,0,0.7,0.7,0.7,0.7,0.7,0.7,0.7,0.7,0.7,0.7,0.7,0.7,0.7,0.7,0.7,0.7,0.7,0.7,0.7,0.7,0.7,0.7,5.05,5.05,5.05,5.05,5.05,5.05,5.05,5.05,5.05,5.05,5.05,5.05,5.05,5.05,6.6,6.6,6.6,6.6,6.6,6.6,6.6,6.6,6.6,7,7.2,11,16.2,23.85,28.45,31.95,31.95,33.8,34.5,34.5,34.5,34.5,34.5,34.5,34.5,39.65,42.6,44.15,52.4,57,57,58,58,58,62.65,68.4,75.75,75.9,75.9,76.6,78.45,83.65,86.3,93.7,105.8,120.4,126.95,128.25,131.75,138.3,142.35,146.95,152.1,159.8,168.55,181.8,188.65,198.85,212.35,220.85,224.9,232.85,246.9,255.95,266.15,279.9,293.7,310,322.95,334.5,346.85,364.8,378.85,390.7,400.6,409.1,423.15,440.85,459.9,481.15,499.4,513.2,531.45,544.65,553.15,562.75,570.15,582,593.85,600.65,610.55,621.85,633.95,645.2,657.9,669.2,680.75,699,715.85,607,689.5,38.4012417060768,6433.76529315474,101,91.2,10.7563934476199,91.1,7.63689873065122,1932.1,610.1,1792.6,984.2,-169.4,735.9,1458.15,220.35,1264.25,1421,2751,2950,21.2318681318681,6.77888888888889,19.4847826086957,10.8153846153846,-1.88222222222222,7.99891304347826,16.0236263736264,2.44833333333333,13.741847826087,15.6153846153846,30.5666666666667,32.0652173913044,95
1995,2.65,2.65,2.65,2.65,2.65,2.65,2.65,2.65,2.65,2.65,2.65,8.35,18.5,30.6,42.4,48.95,52.15,56.2,58.6,62.1,62.55,62.55,62.55,62.55,62.55,62.55,62.55,62.55,62.55,62.55,62.55,62.7,63.95,63.95,63.95,63.95,63.95,63.95,63.95,63.95,63.95,64.65,64.65,64.65,64.65,64.65,64.65,65.1,65.1,65.55,71,72,72,76.05,77.05,77.05,77.05,77.05,80.85,82.65,82.65,82.65,82.8,85.45,92.3,100,104.3,104.3,104.3,107.5,114.6,123.1,134.1,144.85,157.8,170.45,176.7,183.25,192.3,203,210.4,214.2,219.9,224.8,233.05,242.95,246.75,252.5,259.85,264.2,267.95,272.55,278.85,286.55,286.55,292.25,303.5,316.45,332.2,337.65,344.2,357.15,366.2,371.4,377.65,387.55,396.35,406.25,425.6,440.2,456.75,472.75,480.15,484.75,494.65,504.25,517.5,529.65,540.95,549.15,558.2,564.5,575.5,587.35,600.05,613.3,625.1,636.65,649.05,662,678,692.05,707.2,718.5,734.8,749.15,771,614.5,36.4237260527187,2177.24842484518,95,94.8,5.06951674225463,90.6,7.36659125149934,1795.8,585.5,1798.3,915.4,-128.8,766,1355.6,228.35,1282.15,4353,1804,2089,19.7340659340659,6.50555555555556,19.5467391304348,10.0593406593407,-1.43111111111111,8.32608695652174,14.8967032967033,2.53722222222222,13.9364130434783,47.8351648351648,20.0444444444444,22.7065217391304,92
1996,0,0,0,0,0,0,0,0,0,0,0,0,0,0,0,0,1,4.8,5.8,5.8,5.8,5.8,5.8,10.65,10.65,10.65,15,15,15,15.4,15.4,15.4,15.4,15.4,15.4,15.4,15.4,15.4,15.4,17.25,18.8,22.85,22.85,22.85,25.25,25.25,25.25,25.25,25.25,25.25,28.45,36.4,42.95,49.5,58.3,68.2,75.85,84.6,91.15,91.15,91.15,91.15,91.15,91.15,97.7,106.75,106.75,106.75,106.75,106.75,106.75,108.85,114.05,122,131.3,137.05,139.4,145.95,151.15,153.25,155.35,155.35,157.45,162.05,172.25,180.75,182.9,182.9,183.65,187.4,195.35,200.5,204.85,213.9,225.15,230.3,231.85,235.65,238.6,239.05,241.15,250.75,266.75,279.15,290.15,297.3,305.25,312.1,322,334.65,352.05,367.45,385.95,401.4,410.7,424.2,437.45,446.5,457.75,476.5,488.6,497.4,510.35,526.6,543.7,558.85,572.65,579.45,589.1,600.1,615.25,632.65,641.7,648.55,656.5,666.95,783,867.5,41.6163931977026,3171.83488173524,92,96.2,3.42052627529741,90.9,7.4899933244296,1719.2,649.9,1622.9,912.6,-76,677.7,1315.9,286.95,1150.3,3915,3181,2981,18.8923076923077,7.14175824175824,17.6402173913043,10.0285714285714,-0.835164835164835,7.36630434782609,14.4604395604396,3.1532967032967,12.5032608695652,43.021978021978,34.956043956044,32.4021739130435,95
1997,0,3.25,13.15,25.55,37.1,43.95,43.95,43.95,43.95,43.95,43.95,43.95,43.95,43.95,43.95,43.95,43.95,43.95,43.95,43.95,44.1,45.4,51.15,51.15,54.95,54.95,54.95,56.25,56.25,56.25,56.7,62.15,63.95,70.2,70.65,74.95,77.6,78.05,78.05,78.05,78.05,78.05,78.05,78.05,78.05,80.15,80.15,80.15,85.6,95.75,104.55,114.7,124.9,128.15,133.05,133.05,137.15,150.95,161.95,168.25,181.2,185.25,187.05,191.95,197.1,198.1,206.3,206.75,212.75,220.1,222.8,224.9,229.5,231.65,231.65,234.6,240.9,241.1,245.95,253.05,260.95,263.6,265.75,269.5,276.9,285.95,296.65,311.55,324.25,326.4,331.85,340.65,351.65,365.7,377.25,388.5,401.45,409.4,409.55,409.75,416.3,423.15,431.65,437.05,443.3,453.45,458.6,462.65,469.45,477.4,483.65,491.35,497.05,505.55,516,527.25,537.4,548.4,559.95,572.05,588.3,599.6,615.6,626.05,636.8,650.3,660.75,669.55,680.55,689.6,700.35,715.25,724.3,734.5,748.3,757.9,798,927,44.1649670602848,2757.52185549045,95,93.6,5.81377674149945,90.7,7.63107681348663,1782.2,816.9,1702,919.7,58,668.6,1350.95,437.45,1185.3,2521,1711,2443,19.5846153846154,9.07666666666667,18.5,10.1065934065934,0.644444444444444,7.26739130434783,14.8456043956044,4.86055555555556,12.8836956521739,27.7032967032967,19.0111111111111,26.554347826087,85
1998,0,4.1,10.35,17.45,24,33.35,44.35,57.6,65.55,68.5,71.45,71.9,74.6,74.6,74.6,75.35,76.9,76.9,76.9,76.9,76.9,76.9,79.3,80.9,81.05,81.05,81.05,81.05,84.55,86.4,86.85,86.85,86.85,88.7,88.9,89.05,89.25,89.45,91.3,91.3,92.85,95.25,100.95,101.95,101.95,101.95,101.95,107.1,113.65,119.4,122.35,127,131.6,133.15,133.9,139.35,145.1,150.55,159.05,165.05,169.35,170.6,171.9,173.2,174.5,179.4,183.45,194.45,194.9,194.9,194.9,194.9,198.95,199.15,199.15,199.15,199.9,206.45,209.4,209.4,209.6,210.6,211.3,212.55,223,238.45,254.75,272.4,290.35,308.85,325.45,340.35,349.15,354.55,359.95,367.05,373.65,386.85,393.95,400.55,407.15,414.85,424.15,436.25,450.05,466.05,481.45,490.75,497.85,506.65,517.05,526.95,536.3,549.25,564.1,577.3,585,592.7,603.7,617.5,629.6,641.7,655.5,669.8,682.5,696.8,711.1,725.4,738.6,750.7,759.5,767.7,779.8,793.6,810.7,829.5,523,661.5,36.0590477218988,5992.46119429052,85,90.6,4.82700735445887,90.2,7.77174369109018,1973.5,934.7,1735.9,1047.9,224.5,847.1,1524.4,582.4,1298.85,849,3151,3407,21.6868131868132,10.3855555555556,18.8684782608696,11.5153846153846,2.49444444444444,9.20760869565217,16.7516483516484,6.47111111111111,14.1179347826087,9.32967032967033,35.0111111111111,37.0326086956522,86
1999,0,0,0.4,0.4,0.4,0.4,0.4,0.4,0.4,0.4,0.4,3.1,8,8,8,8.4,11.6,16.5,20.3,23,24,27.8,38.8,44.8,46.9,49,51.7,58.8,63.1,63.5,63.5,63.5,66.7,72.1,77,80.2,84,85.6,86,89.2,95.2,101.8,111.1,111.1,111.1,111.1,116,120.9,123.6,123.6,123.6,123.6,123.6,123.6,123.6,123.6,124,125,128.2,130.9,135.8,144,144,144.4,149.8,149.8,149.8,149.8,149.8,149.8,149.8,150.2,150.2,151.2,155,165.4,176.4,180.7,183.4,186.6,190.4,192.5,199.6,203.9,206,209.2,216.3,226.2,235.5,244.8,255.2,268.4,280,294.9,302.6,310.8,324,339.4,350.4,358.6,364.6,371.2,378.9,389.3,396.4,407.4,415.6,423.3,429.9,437.6,442.5,457.4,469.5,476.6,484.3,496.4,508,518.4,528.3,537.6,547.5,558.5,567.8,582.7,597,610.8,626.8,643.9,661,675.9,691.3,709.5,724.4,736.5,749.7,761.8,542,628,36.6546749314623,6078.13188233636,86,90.6,4.82700735445887,90.9,7.86624292644066,1841.7,814.2,1731.8,993.8,16.9,730.5,1434.6,428.8,1242.5,3618,2659,1841,20.2384615384615,9.04666666666667,18.8239130434783,10.9208791208791,0.187777777777778,7.94021739130435,15.7648351648352,4.76444444444444,13.5054347826087,39.7582417582418,29.5444444444444,20.0108695652174,95
2000,3.2,12.5,24.1,35.7,37.3,37.3,39.4,39.4,41.5,46.4,51.8,55,58.8,58.8,58.8,63.1,63.1,63.1,63.1,63.1,63.1,63.1,63.1,63.1,63.1,63.1,63.1,63.1,63.1,63.1,63.1,63.1,63.1,63.1,63.1,63.1,63.1,63.5,63.5,63.5,66.7,73.3,73.3,73.3,79.3,79.7,85.7,85.7,85.7,90,91.6,93.2,95.9,101.3,110.6,123.3,129.3,138.1,145.2,151.2,158.3,164.3,167.5,171.8,180,186.6,194.8,210.8,225.7,239.5,247.7,252,253.6,258.5,268.9,281,285.3,285.3,285.7,288.9,290.5,293.7,301.4,311.3,323.4,334.4,343.7,351.9,359.6,367.3,373.3,381.5,394.2,409.6,419.5,424.4,438.7,452.5,462.9,465.6,473.3,483.2,489.2,493.5,500.1,510,526,535.9,540.2,550.1,561.1,573.2,580.3,588,597.9,604.5,609.9,617,626.3,637.9,650.6,663.3,677.6,690.3,704.6,724.5,745.5,767.6,790.3,812.4,831.7,847.7,868.7,890.3,906.9,919.6,562,496,34.0020045118019,2852.39121884086,95,87.6,7.60263112349929,91.2,7.17712415324628,1764.6,614.8,1827.5,879.8,-154.4,870.4,1335.2,242.3,1363.5,1658,1968,3100,19.3912087912088,6.75604395604396,19.8641304347826,9.66813186813187,-1.6967032967033,9.46086956521739,14.6725274725275,2.66263736263736,14.820652173913,18.2197802197802,21.6263736263736,33.695652173913,77
2001,0,0,0,0,0,0,0,0,0,0,1.6,1.6,1.6,1.6,2,3.6,3.6,3.6,3.6,3.6,3.6,3.6,3.6,3.6,3.6,3.6,5.2,5.2,5.2,8.15,13.05,15.15,15.55,15.55,15.55,15.55,17.15,19.25,22.45,30.15,35.55,35.55,35.55,38.25,42.55,47.95,49.55,49.55,49.55,49.55,56.15,58.25,58.25,58.25,58.25,62.05,66.95,71.25,72.25,72.25,76.55,81.95,83.55,83.55,83.55,85.65,86.05,86.45,86.85,92.25,95.45,102.55,109.65,113.45,117.75,122.65,125.35,128.05,130.75,134.55,139.45,145.45,152.55,153.55,153.55,153.55,153.55,154.55,160.55,164.35,168.65,174.05,179.45,187.15,194.25,205.85,215.75,226.15,243.85,255.95,263.65,277.95,294.55,307.75,319.85,325.25,329.05,331.75,336.65,346.55,360.35,379.15,397.35,415.05,422.15,430.35,442.45,454.05,463.35,474.95,490.95,509.15,529.05,548.95,568.85,579.85,589.75,601.35,616.75,634.45,654.35,672.05,685.25,696.85,709.55,722.25,462,496.5,33.2187394582647,7973.02541999433,77,87.8,7.85493475466219,92,7.22649446289293,1979.9,829.9,1690,965.8,30.4,734,1481.4,440.65,1222.9,677,1422,2355,21.7571428571429,9.22111111111111,18.3695652173913,10.6131868131868,0.337777777777778,7.97826086956522,16.2791208791209,4.89611111111111,13.2923913043478,7.43956043956044,15.8,25.5978260869565,96
2002,0,0,0,0,0,0,0,0,0,2.7,5.9,6.9,9,10.6,13.8,13.8,17,17.4,17.4,17.4,17.8,20.5,24.3,32,34.7,36.8,42.2,49.3,59.2,73.5,78.9,90.5,90.5,90.5,90.5,90.5,90.5,90.5,94.3,96.4,99.6,100,101.6,101.6,101.6,103.2,110.3,111.3,111.3,113.4,123.3,133.2,137,138,139.6,143.4,152.7,152.7,152.7,152.7,155.9,160.2,160.2,160.2,165.6,174.4,183.7,195.3,201.9,201.9,202.9,207.8,218.2,233.1,244.1,246.2,248.9,253.8,258.1,261.9,261.9,262.3,267.7,274.8,279.1,282.9,285.6,294.4,308.2,317,325.2,335.1,346.1,349.3,352.5,354.1,356.2,366.1,382.1,393.1,403,412.9,428.3,447.1,467,489.1,511.8,533.9,553.2,571.4,580.2,590.6,596.6,604.3,614.2,623.5,632.3,646.6,657,667.4,680.6,697.2,708.8,717,728.6,741.3,757.3,774.4,787.6,804.2,817.4,835.6,853.3,864.3,875.3,890.7,724,786.5,40.601490090944,2859.02830422802,96,89.2,7.85493475466219,91.4,6.91536132260797,1785.6,835.9,1820.5,1001.8,6.7,793.6,1367.5,431.9,1320.95,2910,1585,2292,19.621978021978,9.28777777777778,19.7880434782609,11.0087912087912,0.0744444444444445,8.62608695652174,15.0274725274725,4.79888888888889,14.358152173913,31.978021978022,17.6111111111111,24.9130434782609,92
2003,4.9,5.9,5.9,5.9,5.9,5.9,5.9,9.1,15.1,16.7,16.7,16.7,16.7,16.7,16.7,16.7,16.7,16.7,16.7,16.7,16.7,16.7,16.7,16.7,16.7,16.7,16.7,16.7,16.7,16.7,16.7,16.7,19.4,19.8,23.6,23.6,23.6,23.6,23.6,23.6,23.6,23.6,23.6,23.6,23.6,23.6,23.6,23.6,23.6,23.6,24,24,24,24,24.4,24.4,24.4,24.4,24.4,24.4,27.1,27.1,27.1,34.8,35.2,35.2,37.3,41.1,41.1,41.1,44.9,53.7,53.7,57.5,66.3,76.7,88.3,91.5,94.7,100.7,109.5,118.8,128.1,139.1,151.8,159.5,166.1,179.3,182,182,186.9,200.1,215.5,221.5,228.6,233.5,235.6,235.6,237.2,241.5,244.2,255.2,264,273.3,288.7,306.4,315.7,317.8,326,335.3,346.3,356.7,364.9,373.7,384.7,396.3,408.4,421.1,434.9,448.7,465.3,483.5,495.1,506.1,513.2,523.6,539,556.1,569.3,584.7,603.5,617.8,629.4,641.5,655.3,665.7,688,570,36.7816302090086,5435.46194081839,92,90.4,7.70064932327138,90.5,6.05988632089928,1842.5,461.9,1601.8,1018.7,-195.6,710.1,1444.2,146.7,1145.4,3815,3484,3511,20.2472527472527,5.13222222222222,17.4108695652174,11.1945054945055,-2.17333333333333,7.71847826086957,15.8703296703297,1.63,12.45,41.9230769230769,38.7111111111111,38.1630434782609,92
2004,3.2,7,16.3,27.3,30.5,30.5,30.5,30.5,30.5,30.5,30.5,30.9,33,33,33,33,33,33,33,33,33,33,33,33,33,33,33,33,33,33,33,33,33,33,33,33,33,33,33,33,35.7,36.1,36.1,37.1,38.7,38.7,38.7,38.7,38.7,43,47.9,54.5,56.1,56.5,56.5,56.5,56.5,58.6,61.8,67.2,74.9,87.6,98,106.8,120,132.7,139.8,141.9,141.9,142.3,145,147.1,147.5,150.2,159.5,162.2,162.2,163.8,166.5,171.4,176.3,176.3,176.3,181.7,192.7,206.5,219.7,228.5,232.8,234.9,240.3,244.6,248.9,254.3,257,257.4,262.8,275.5,282.1,290.3,299.1,304.5,308.8,313.7,320.3,329.1,337.3,351.6,369.8,390.2,408.4,423.8,442.6,460.3,475.2,487.3,500.5,509.8,516.9,530.7,546.7,563.8,580.4,588.1,596.3,607.9,621.1,640.4,652.5,669.1,689,711.1,732.1,753.1,775.2,796.8,533,671.5,36.4751794142018,4960.93112042562,92,89.6,7.30068489937759,90.1,5.85851706682009,1811.6,609.9,1860,1045.8,-186.3,933,1441,224.3,1408.7,2599,1696,2267,19.9076923076923,6.7021978021978,20.2173913043478,11.4923076923077,-2.04725274725275,10.1413043478261,15.8351648351648,2.46483516483516,15.3119565217391,28.5604395604396,18.6373626373626,24.6413043478261,91
2005,8.2,10.3,18,28.4,31.6,33.2,36.4,40.2,40.2,44,47.2,52.1,62.5,68.5,68.5,68.5,68.5,68.5,68.5,68.5,68.5,68.5,68.5,68.5,68.5,68.9,68.9,68.9,68.9,68.9,68.9,68.9,68.9,68.9,69.9,73.1,75.2,79,85.6,92.2,93.2,93.2,95.3,96.9,99,105,112.1,112.5,112.5,112.5,112.5,116.8,119.5,121.1,121.1,121.1,121.1,121.1,121.1,121.1,121.1,121.1,121.1,121.5,123.6,132.9,134.5,134.5,134.5,136.1,137.1,139.8,140.2,140.6,142.2,143.2,146.4,151.8,157.8,162.1,165.9,168.6,171.3,174.5,178.3,182.1,188.1,198,206.2,212.2,221,228.7,233,241.2,250,265.4,281.4,291.8,301.1,311.5,322.5,327.9,336.1,344.3,350.9,358,367.9,382.2,398.8,417,430.8,438.5,449.5,453.8,460.9,471.3,484,495.6,504.9,517.6,528,536.2,542.2,551.5,560.3,568,578.4,592.7,607.6,621.4,638.5,654.5,665.5,682.1,697,710.2,582,556,36.1877973575713,4379.83654704255,91,94,3.39116499156263,90.8,6.49444206824403,1956.7,632.5,1586.8,1062.9,-106.5,665.8,1509.8,274.65,1137.5,2909,2105,3406,21.5021978021978,7.02777777777778,17.2478260869565,11.6802197802198,-1.18333333333333,7.23695652173913,16.5912087912088,3.05166666666667,12.3641304347826,31.967032967033,23.3888888888889,37.0217391304348,99
2006,2.35,2.35,3.9,4.35,8.65,8.65,8.65,8.65,16.3,19.8,23.05,28.75,33.9,38.25,38.25,38.25,42.05,46.65,47.1,52.85,60.2,60.2,60.35,61.65,61.65,61.65,61.65,65.15,71.45,78.55,81.75,83.3,87.35,95.05,102.15,102.85,102.85,102.85,102.85,102.85,102.85,102.85,102.85,102.85,102.85,106.35,113.75,119.5,119.5,119.5,119.5,119.5,119.5,123.25,123.25,125.35,125.35,125.35,125.35,126.35,128.2,128.2,128.2,130.05,131.05,131.75,133.3,142.1,157.55,168.85,181.8,198.05,209.05,212.8,217.7,221.75,221.75,222.5,223.25,223.25,223.4,224.7,228.2,231.7,234.4,239.25,246.9,256.2,265.3,278.55,292.9,304.75,317.4,324.5,329.1,338.15,352.8,360.45,363.95,370.8,382.05,394.75,411,426.4,444.6,458.65,466.85,477.55,491.05,506.5,518.6,530.15,542,555.8,569.55,576.4,587.1,597.55,606.6,616.2,626.35,639.55,655.85,672.4,690.35,706.65,717.4,725.65,738.35,752.15,764.8,776.65,789.05,800.6,814.1,825.9,613,787.5,36.8325873342999,5425.59378863912,99,92.6,3.78153408023781,90.2,6.33859430613585,1743.8,916.5,1804.3,942.8,89.3,796.2,1343.3,502.9,1300.25,4203,1846,1364,19.1626373626374,10.1833333333333,19.6119565217391,10.3604395604396,0.992222222222222,8.65434782608696,14.7615384615385,5.58777777777778,14.133152173913,46.1868131868132,20.5111111111111,14.8260869565217,89
2007,5.2,7.35,10,17.15,27.3,41.35,48.75,52.5,52.65,52.65,52.65,55.3,63.25,74.25,85.8,90.4,90.4,90.4,90.55,90.55,90.55,90.55,90.55,90.55,90.55,90.55,91.55,91.55,91.55,91.55,91.55,91.55,91.55,91.55,91.55,91.55,91.55,91.55,91.55,91.55,91.55,91.55,91.55,91.55,91.55,91.55,91.55,91.55,91.55,91.55,93.1,96.85,101.45,101.45,101.45,101.45,101.45,103.3,104.3,108.05,116,120.65,120.65,120.65,120.65,120.65,120.65,120.65,126.65,132.65,136.15,145.5,160.1,170,170,170,170,171.55,179.2,180.2,191.2,205.85,213.5,221.15,229.35,245.05,258.25,265.9,273,280.7,288.95,304.15,317.35,323.9,325.45,326.45,326.45,326.45,326.6,329,332.2,339.85,346.15,350.45,353.95,356.9,363.15,368.05,374.85,384.5,396.3,410.05,426.3,444.5,459.65,468.75,480.05,493.55,506.75,523.3,539.6,557.25,568.8,581.2,593.05,602.1,611.15,622.45,639.3,658.05,678.2,695.85,708.8,720.9,738.55,757.05,724,929,40.2438708490558,4057.34359730239,89,92.4,3.84707681233427,90.8,6.06996247471469,2030.4,642.7,1744.6,1133.2,-42.3,750.4,1581.8,300.2,1247.5,2187,2024,2314,22.3120879120879,7.14111111111111,18.9630434782609,12.4527472527473,-0.47,8.15652173913043,17.3824175824176,3.33555555555556,13.5597826086957,24.032967032967,22.4888888888889,25.1521739130435,91
2008,3.2,3.2,3.2,3.2,3.2,7.25,17.45,29.3,39.45,43.2,49.75,54.65,56.45,57.45,57.45,57.45,57.45,58.45,58.45,58.45,58.45,58.45,58.45,58.45,58.45,58.45,58.45,58.9,61.3,65.05,65.05,66.05,67.35,70.3,74.9,82.55,96.6,103.7,106.65,112.1,112.1,112.1,112.1,112.1,112.1,115.85,116,118.15,128.85,129.3,129.3,129.3,129.3,129.3,129.3,132.25,136.55,136.55,136.55,136.55,139.5,141.05,149.25,162.75,169.6,173.95,176.9,182.6,182.6,184.2,187.95,193.65,199.1,208.75,218.05,222.1,224.5,230.5,242.35,250.3,255.45,258.95,260.8,263.75,266.4,277.7,285.6,297.15,300.4,301.95,306.3,319.8,326.65,330.15,337.85,348.3,353.5,357.55,363.55,373.7,387.45,404.3,418.65,425.2,430.9,438,447.6,460,476.25,492.8,506,517.8,531.55,546.45,562.7,578.95,596.9,606.25,616.95,626.6,634.25,645.55,661.55,679.5,694.4,707.35,722.8,739.35,755.9,767.75,779,788.6,794.6,806.7,819.95,836.8,673,665,37.013572156233,3965.12719329212,91,91.2,4.81663783151692,90.8,6.06996247471469,1800.6,826,1773.6,1010.5,23.7,834.9,1405.55,424.85,1304.25,2535,2165,4672,19.7868131868132,9.07692307692308,19.2782608695652,11.1043956043956,0.26043956043956,9.075,15.4456043956044,4.66868131868132,14.1766304347826,27.8571428571429,23.7912087912088,50.7826086956522,86
2009,0,0,0,0,2.7,2.7,2.7,2.7,2.7,2.7,2.7,2.7,2.7,2.7,2.7,2.7,2.7,2.7,2.7,2.7,2.7,2.7,2.7,2.7,2.7,2.7,2.7,2.7,2.7,2.7,2.7,5.1,8.05,8.05,8.05,8.05,8.05,10.15,18.05,19.05,24.2,34.9,43.15,45.55,45.7,45.7,45.7,45.7,46.4,46.4,46.4,46.4,46.4,46.4,46.4,46.4,50.2,58.45,61.15,61.15,61.15,61.15,61.15,61.15,68.55,78.2,92.25,101.6,104.25,114.45,116.55,116.55,117.25,118.55,121.75,126.1,132.4,139.5,140.2,140.65,145.55,147.95,147.95,149.8,153,160.7,166.7,179.35,185.9,191.6,199.25,208.6,222.65,232.25,241.9,249.55,251.9,255.65,262.75,274.85,282.55,286.85,290.9,295.5,299.3,306.65,316.55,329.5,342.45,350.95,361.65,369.05,377.55,388.55,406.25,426.7,446.85,466.2,478.6,487.95,503.95,518.05,528.5,537,546.35,557.9,572.8,587.4,606.75,621.65,631.55,642,653.8,669.2,686.85,705.65,519,662.5,37.3085584789963,4605.82744148717,86,91.2,4.81663783151692,90.4,5.89161362540952,1810.6,591.5,1671.5,1048,-160,768,1429.3,215.75,1219.75,3419,2495,3617,19.8967032967033,6.57222222222222,18.1684782608696,11.5164835164835,-1.77777777777778,8.34782608695652,15.7065934065934,2.39722222222222,13.258152173913,37.5714285714286,27.7222222222222,39.3152173913044,91
2010,0,0,0,0,0,0,0,0,0,0,0,0,0,0,1.85,3.1,4.1,8.15,12.25,12.45,12.45,12.9,12.9,16.95,26.85,27.85,27.85,28.3,28.3,28.3,28.3,28.3,28.3,28.3,28.3,28.3,28.3,28.3,28.3,28.3,28.3,28.3,28.3,28.3,28.3,28.3,28.3,28.3,28.3,29,29,29.45,29.6,30.6,32.15,32.15,32.15,32.15,33.4,35.8,35.95,36.15,37.45,40.1,42.5,47.65,53.4,60.25,68.45,77.5,84.35,91.2,97.45,102.35,110.85,119.35,128.7,139.45,151,163.9,174.35,180.05,190.5,202.3,206.6,207.6,213.6,221.85,228.4,239.95,251.5,265.85,277.95,292.55,309.1,329.55,350.25,367.05,374.45,382.95,395.05,408.55,416.2,424.7,435.45,453.1,463.3,469.3,478.65,489.1,497.9,510.55,523.8,534.5,548.85,559.3,568.35,575.2,585.65,600.5,620.1,642.25,662.95,682.55,700.2,720.1,736.1,751.55,760.85,769.35,776.2,791.65,801.8,821.15,839.1,855.65,622,639,39.9551811887602,3564.55836186418,91,89.4,2.07364413533277,91.7,3.59165699921359,2001.3,458.7,1938.6,1079.5,-187.9,969.7,1540.4,135.4,1454.15,2961,1543,1892,21.9923076923077,5.09666666666667,21.0717391304348,11.8626373626374,-2.08777777777778,10.5402173913043,16.9274725274725,1.50444444444444,15.8059782608696,32.5384615384615,17.1444444444444,20.5652173913043,90
2011,3.75,7.8,7.8,7.8,7.8,7.8,7.8,7.8,7.8,7.8,7.8,7.8,7.8,7.8,7.8,7.8,7.8,7.8,10.5,10.7,10.7,10.7,10.7,10.7,10.7,10.7,10.7,10.7,10.7,10.7,10.7,10.7,12.8,12.8,12.8,12.8,14.6,15.05,15.05,15.05,15.05,15.05,15.05,17.15,26.75,27.2,30.4,40.55,54.6,60.05,61.05,62.9,62.9,62.9,64.45,71.55,73.1,78,87.9,88.35,93.8,93.8,94.25,100.55,104.05,104.8,106.35,107.9,114.45,117.1,120.85,126.3,129.55,131.7,137.15,145.1,158.9,169.05,172.8,182.4,191.45,196.35,197.1,197.8,197.95,197.95,197.95,199.8,201.9,202.1,204.5,207.15,213.15,228.55,238.15,244.15,254.05,258.4,262.5,271.8,288.9,301.55,309.75,320.5,330.1,339.4,349.25,362.2,374.85,391.4,401,405.05,414.95,432.6,449.95,469,487.8,504.35,517,528.3,537.65,552.55,570.5,578.75,588.65,599.4,611.8,625.55,638.8,652.55,668.25,682,694.7,707.9,724.2,741.6,580,764,38.7403441144632,6081.89386517515,90,89.2,2.16794833886788,90.9,3.41402336775183,1847.1,788.4,1769.8,1051.3,20.5,842.8,1449.2,404.45,1306.3,3734,2358,2362,20.2978021978022,8.76,19.2369565217391,11.5527472527473,0.227777777777778,9.16086956521739,15.9252747252747,4.49388888888889,14.1989130434783,41.032967032967,26.2,25.6739130434783,88
2012,5.45,6.15,6.15,6.15,6.6,11.5,18.6,21.55,21.55,23.65,24.65,30.95,31.4,31.4,31.4,31.4,37.4,39.5,39.5,39.5,39.5,39.5,39.5,43.8,45.6,50.2,57.05,59.75,60.45,61.45,68.85,80.4,86.4,89.35,90.1,90.55,91.55,96.4,96.85,97.3,97.75,97.75,97.75,97.75,101.8,106.4,109.05,113.1,117.15,117.6,119.15,120.15,127.8,137.65,144.5,145.5,146.75,152.75,157.6,162.45,172.9,177.5,186.55,189.25,189.25,189.25,197.15,210.65,218.85,220.4,225.85,236.55,252.8,268.5,284.5,293.3,306.8,318.35,333.2,348.65,362.7,379,396.65,408.45,418.1,424.7,427.9,438.9,450.45,455.6,464.95,474,482.5,492.7,506.75,515.5,522.65,530.6,542.7,554.85,564.45,569.3,576.7,586,597.85,615.8,636.25,652.8,663,675.1,688.85,705.7,712.55,716.35,724.05,734.25,746.05,755.4,761.65,772.4,783.1,801.35,816.2,832.45,852.05,871.1,886.25,900.6,916.6,932.05,945.25,958.2,972.55,990.25,1006,1024.75,779,977.5,44.1199866238177,3844.47603370261,88,87,4.35889894354067,89.7,4.80855718716355,1829.5,976.2,2020.7,994.7,182.4,1064.2,1412.1,579.3,1542.45,2721,1922,1585,20.1043956043956,10.7274725274725,21.9641304347826,10.9307692307692,2.0043956043956,11.5673913043478,15.5175824175824,6.36593406593407,16.7657608695652,29.9010989010989,21.1208791208791,17.2282608695652,80
2013,1.25,1.25,1.25,1.25,1.25,3.35,4.6,5.9,8.55,14.55,16.1,20.45,25.9,33.3,33.5,33.95,36.05,36.05,38.45,44.45,44.6,44.6,44.6,44.6,44.6,44.6,44.6,44.8,53.6,66.25,71.7,71.7,71.7,71.7,71.7,71.7,72.95,72.95,72.95,72.95,72.95,76.7,82.4,83.4,85.25,90.15,90.15,90.15,90.15,91.95,91.95,91.95,91.95,92.4,95.35,96.35,96.55,102.55,106.05,107.6,107.6,107.6,107.6,109.45,109.45,112.4,115.6,120.5,126.5,134.2,140.8,143.45,144.15,147.95,154.5,154.95,154.95,160.7,164.75,164.75,164.75,167.15,167.15,167.15,169.3,172.8,176,182.6,189.15,195.4,203,206.3,209,209.7,215.2,221.1,228.7,242.9,261.2,281.5,302.1,314.5,325.8,336.7,348.4,361.3,377.6,392.8,409.9,419.3,425.2,430.6,438.2,449.8,461.1,471.5,483.4,494.7,505.3,515.7,527.2,537.5,548.6,558.5,567.1,576.7,589.1,602.5,615.5,632.1,649,662.7,671.8,680,694.8,715.2,688,630,37.3647565968644,4474.17679052571,80,89.6,6.8044103344816,90.4,5.62138772902208,1858.4,777.4,1705.7,987.8,60.8,791.3,1409,415.85,1227.95,2641,2474,2129,20.421978021978,8.63777777777778,18.5402173913043,10.8549450549451,0.675555555555556,8.60108695652174,15.4835164835165,4.62055555555556,13.3472826086957,29.021978021978,27.4888888888889,23.1413043478261,99
2014,0,0,0,0,0,1.1,1.1,1.1,1.1,1.1,2.8,8.9,11.2,17.2,19.4,19.4,19.4,19.4,19.4,23.1,23.1,23.1,23.1,23.1,23.1,23.1,23.1,23.1,23.1,23.1,23.1,23.1,27,29.1,29.1,29.1,29.1,29.1,29.1,29.1,29.1,29.1,29.1,29.1,29.9,29.9,29.9,29.9,29.9,33.2,38.4,44.7,48.8,55.9,59,59,59,59,59,59,60.7,60.7,60.7,60.7,60.7,60.7,63.9,69.3,73.5,81.8,91.1,91.1,91.3,101.7,105.8,105.8,105.8,106.4,111.9,117.9,126.1,131,131,131,131,131,138.8,149.4,154.4,161.2,169.8,178.2,189.6,198.8,207.1,212.9,218.1,228.4,238.2,249.3,265.1,280.3,296.9,315.2,329.3,330.3,334.5,338.4,347.7,358,366.8,378.8,389.1,397.3,408,420.6,432.9,443,449.6,458.7,474,488.2,502.4,517.6,528.5,539.8,551.8,566.9,583.2,600.6,618.4,637.1,658,672.3,690.1,705.7,753,875,38.1384629390188,4294.01141401878,99,91.4,8.29457654133109,91.3,6.39531078212779,1903.5,675.3,1725.5,1086.8,-77,750.2,1480.4,287.3,1215.5,1840,2569,3988,20.9175824175824,7.50333333333333,18.7554347826087,11.9428571428571,-0.855555555555556,8.15434782608696,16.2681318681319,3.19222222222222,13.2119565217391,20.2197802197802,28.5444444444444,43.3478260869565,100
2015,0,1.3,1.3,7.1,10.9,10.9,10.9,10.9,10.9,10.9,10.9,10.9,10.9,10.9,10.9,10.9,10.9,10.9,13.5,13.5,13.5,13.8,13.8,13.8,16.2,16.8,16.8,16.8,16.8,16.8,16.8,16.8,17.4,17.4,17.4,17.4,17.4,17.4,20.3,21.6,21.6,21.6,21.6,21.6,21.6,21.6,21.6,21.6,21.6,21.6,21.6,21.6,21.6,21.6,21.6,21.6,21.6,21.6,21.6,21.6,21.6,21.6,23.3,23.3,23.3,23.3,27.2,31.6,35.3,43.1,50.4,54.5,60.2,67.9,73.7,83.7,86.3,90.1,90.8,93.5,100.3,103.1,105.1,106.9,116.8,123.5,123.5,123.5,129.9,139.9,146,155.4,170.6,182.9,191.5,203.8,218.7,226.5,230.8,237.1,250.2,260.8,274.4,287.8,299,311.9,327.1,345,360,375.5,389.8,401.6,409.6,415.9,422.5,430.1,439.4,450,464.6,478.9,490,502.7,519,536.4,555.3,573.6,591.5,610.4,629,649.6,670,692,708.7,721.3,736.4,755.8,394,519.5,34.2145666577082,8981.55263604526,100,93.4,9.04433524367601,91.4,6.53537383101465,1969.2,756.2,1883,1107.8,-19,907.8,1520.7,353,1371,1853,2605,2383,21.6395604395604,8.40222222222222,20.4673913043478,12.1736263736264,-0.211111111111111,9.86739130434783,16.710989010989,3.92222222222222,14.9021739130435,20.3626373626374,28.9444444444444,25.9021739130435,100
2016,2.7,2.9,3.8,3.8,3.8,3.8,3.8,4.9,7.8,16.3,16.3,16.3,16.3,16.3,18.2,21.3,21.3,21.3,21.3,21.3,21.3,21.3,21.3,21.3,21.3,21.4,23.1,23.1,23.1,23.1,25.3,31.3,34,37.4,44.6,45.4,45.4,45.4,46.2,46.2,46.2,46.2,46.2,46.2,46.2,46.2,46.7,47.5,47.5,47.5,51.7,58.1,62.9,65.2,70,76.9,76.9,76.9,80.2,90.3,97.5,102.6,102.6,102.6,102.6,104,108.3,119.2,131.5,146.2,162.4,172,180.9,187.2,194.1,205.5,216.3,226.9,231.9,232.3,234.4,238.7,250.6,263.9,279,285.4,293.2,301.9,310.2,317.1,329.5,347.1,359.2,363,372.8,373.8,376.3,385.3,390.5,393.3,393.5,402.3,415.7,422.3,429.5,437.7,447.8,458.6,474.2,491.4,504.2,516.1,532.4,546.6,557.2,569.9,589.2,602.1,610.3,616.5,624.6,633.3,645.4,660.1,670.3,678.2,686.4,695.7,708.6,719.1,730.9,740.7,752.6,767.7,781.6,790.5,588,716,37.181000330336,5514.3034412355,100,92.8,9.57601169589929,91,6.81501610008696,2036.6,730.1,1794.3,1185.2,-32.6,874.6,1584.1,333.8,1309.9,1057,2308,2253,22.3802197802198,8.02307692307692,19.5032608695652,13.0241758241758,-0.358241758241758,9.50652173913043,17.4076923076923,3.66813186813187,14.2380434782609,11.6153846153846,25.3626373626374,24.4891304347826,85
2017,4.1,6.7,9.3,14.4,14.4,14.4,14.4,14.4,14.4,14.4,16.8,26.9,36.5,36.5,37.1,38.2,40.7,47.3,52.3,54.8,59.7,64.9,69,70.8,77.1,84.2,86.5,86.7,87.5,87.5,87.5,89.6,93.2,93.2,93.2,93.5,96.6,105.8,119,121.3,121.3,123.1,128.2,131.2,131.2,133.4,133.4,133.4,136.8,148.9,159.1,165,171.6,183,196.6,209.8,212.6,215.8,224.7,238,246.2,246.8,246.8,246.8,247.6,256.9,268.1,279.9,285.3,285.3,285.3,285.3,285.3,285.3,285.3,285.5,289.3,291.8,295.6,302.8,309.2,309.2,312.2,325.3,333.2,341.5,355.8,368.4,375.6,380.8,388,396.1,406.4,422.1,438,448.9,454.6,460.4,470,483.7,500.9,518.6,532.5,545.2,558.2,578,595.4,609.5,619.7,634.4,651.6,663.9,672.2,681.3,691.2,704,720,739.8,761.5,783.3,802.9,822.4,836.7,848.3,862.6,874.2,882.8,892.2,902,914.2,925.2,933.7,941.8,954.4,969.5,985.4,588,704,35.8725029681781,4451.01451782038,85,93.6,8.32466215530696,90.3,7.16550378162237,1974,929.6,1825.2,1103.6,158.4,912.7,1538.8,528.85,1345.6,1386,1002,2889,21.6923076923077,10.3288888888889,19.8391304347826,12.1274725274725,1.76,9.92065217391304,16.9098901098901,5.87611111111111,14.6260869565217,15.2307692307692,11.1333333333333,31.4021739130435,84
2018,0,0,0,0,0,0,0,0,0,0,3.8,15.2,18.4,18.4,18.4,18.4,18.4,18.4,18.4,19.1,21.7,29.9,39.6,43.4,43.4,43.4,47.6,54.5,58.7,58.7,58.7,61,61,61,61,61,61,61,61,61,62.9,70.6,78.2,78.2,78.9,87.6,100.5,100.6,101.1,102.9,113.6,129.2,140.8,143.4,149.3,155.3,162,166.5,172.7,180.1,184.3,186.6,188.8,189.4,189.7,189.9,190.5,190.5,190.6,191.8,192.1,192.1,192.1,193,194.1,194.2,197.1,201.2,201.5,201.5,201.5,203.3,204.9,206,207.4,208.2,212.8,222.3,237.2,243.3,252.2,257.4,261.7,271.4,274.5,282.3,288.9,290.4,292.1,295.7,300.9,310.7,328.6,348.2,360.3,368.2,371.5,376.2,383.8,388.8,395.9,405.7,416.6,427.2,438.3,450.7,461.8,474.4,482.3,491.2,506.1,524.2,544.6,566,584.7,598.8,613.7,629.5,645.3,662.3,681.2,701.5,717.8,733.4,753.1,771.3,774,863.5,44.3068886661107,3810.98564414568,84,92.8,7.85493475466219,91.2,7.13052904379783,1834.1,866.9,1738.9,1152.1,72.9,816.9,1474.5,442.7,1238.7,5174,2934,3618,20.1549450549451,9.63222222222222,18.9010869565217,12.6604395604396,0.81,8.87934782608696,16.2032967032967,4.91888888888889,13.4641304347826,56.8571428571429,32.6,39.3260869565217,95
2019,9.6,13.5,18,19.9,25,30.9,31,34,39.2,39.2,39.2,39.2,39.2,39.2,39.2,39.2,39.2,39.2,39.2,39.7,39.7,39.7,39.7,46.5,46.5,46.5,46.5,46.5,46.5,46.5,46.5,46.5,46.5,46.5,49.3,55.5,62.6,68.5,74.8,74.8,74.8,74.8,74.8,76.6,78.2,86.1,90.5,90.5,92.1,92.1,92.1,93,98.4,99.7,102.2,106.5,108.9,108.9,111.1,111.1,111.2,113.4,113.4,113.4,113.4,113.4,113.4,113.4,116.5,125.4,130.4,134,143.4,159.3,168,171.3,174.6,177.3,181,185.4,189.7,192.5,198.3,207.6,211.4,214.5,219.2,229.6,242.7,254.1,255.3,258.2,265.5,275.9,283,291.4,303.8,320.1,336.4,350.8,360.7,371.1,386.8,402.8,416.2,424.9,438.2,451.4,468.8,485.6,498.3,511.9,527.7,545.4,561.2,575.6,588.3,601.1,609.5,623.6,638,653.9,671.5,688.6,703.8,718.5,735.4,751.8,767.4,785.8,801.7,812.4,820.3,830.2,842.8,858,804,965,44.8475693173569,2990.57918809769,95,91,6.74536878161602,91.2,7.13052904379783,1955.5,791.1,1890.2,1104.9,58.6,973,1514,403.2,1394.4,2105,2566,2851,21.489010989011,8.79,20.545652173913,12.1417582417582,0.651111111111111,10.5760869565217,16.6373626373626,4.48,15.1565217391304,23.1318681318681,28.5111111111111,30.9891304347826,91
2020,3.7,4.5,10.6,18.4,20.7,22.7,22.8,22.8,22.8,24,34.2,48.9,54.6,58.8,64.4,70.9,70.9,70.9,71.8,71.8,71.8,71.8,71.8,72.7,78.1,80.7,82.6,85,86.8,86.8,86.8,87.9,90.1,97.8,107.2,113.1,114.1,119.9,119.9,120.6,123.9,131,135.6,140,140.7,140.7,140.7,144.2,148.8,154.9,155.1,155.1,155.1,157.4,161.2,166.9,173.4,175.7,175.7,175.7,175.7,181.1,189.2,198.8,205.1,208,211.4,216.1,224.9,237.5,246.3,254.1,265.8,274.5,277.8,281.7,288,295.3,305,320.8,331.9,336.4,339.2,344.1,349,355.1,365.9,375.9,384.8,396.5,404.5,408.9,416.6,426.4,435.2,444.4,457.3,469,483.3,496.2,501.4,507.2,517,532.2,540.9,544.7,549.6,554.8,561.5,568.3,578.4,588,593.8,602.4,611.2,620.3,628.1,635,641.8,652.9,666.9,677.8,689.9,703.9,720,729.3,736.6,745,756.2,759.5,765.6,775,782.4,792.6,804,821.7,600,639,36.3489670532001,6133.79653441811,91,87,5.95818764390649,90.2,7.96938586787659,1937.9,913.4,1751.8,1107.7,154.1,847,1504.6,529.9,1274.2,4203,2787,2820,21.2956043956044,10.0373626373626,19.0413043478261,12.1725274725275,1.69340659340659,9.20652173913044,16.5340659340659,5.82307692307692,13.85,46.1868131868132,30.6263736263736,30.6521739130435,80
2021,0,2.2,3.8,4.3,5.6,6.4,6.8,6.8,6.8,8,8,8,8,9.3,11.2,13.9,14.3,15.1,16.2,16.9,16.9,18.7,18.7,18.7,18.7,18.7,18.8,18.8,18.8,18.8,18.8,18.8,18.8,18.8,18.8,22.1,23.9,24.5,24.5,24.5,24.5,24.5,24.5,24.5,24.5,24.5,24.5,24.5,24.5,24.5,24.5,24.5,24.5,25.5,29.3,36.2,39.4,41.2,45.1,49.4,49.5,51.7,56.4,56.4,56.4,56.4,57.3,63.6,72.9,85.5,99,108.2,116.5,118.6,120.4,123.6,129.4,133.7,136.6,142.2,149.3,158.6,168.4,179.5,196.8,209.5,221.8,229,238.1,250,255.4,255.4,257.8,266.9,279.2,292.9,307.5,321.2,331.3,343.3,359.7,371.4,381,391.1,402,409.1,416.7,426.3,436,447.3,459,461.9,468.5,477.4,486.7,496.6,510.4,528.9,549,565.7,575.4,590.5,607.7,626.4,642.7,653.3,663.1,670.5,679.9,692.8,704.6,715.2,727.4,740.5,754.7,767.7,665,809,38.5703599046277,5363.56319738504,80,87.4,5.85662018573853,90.1,8.00624756049924,1968.6,826.9,1876.5,1115.8,119.3,830.7,1528.5,451.2,1339.2,2104,1834,2483,21.632967032967,9.18777777777778,20.3967391304348,12.2615384615385,1.32555555555556,9.02934782608696,16.7967032967033,5.01333333333333,14.5565217391304,23.1208791208791,20.3777777777778,26.9891304347826,87
2022,9.8,21.1,21.1,21.1,21.1,21.8,21.8,21.8,21.8,21.8,21.8,21.8,21.9,23.8,23.8,23.8,23.8,23.8,23.8,25.4,25.4,25.4,25.4,25.4,25.4,25.4,25.4,25.4,25.4,25.4,25.4,25.4,25.4,28.3,34.4,34.4,34.4,34.4,34.9,35.3,40.1,44.8,53.3,53.3,53.3,53.3,53.3,61.8,70,70,70,72.9,80.3,94.5,95,95.1,95.1,97.3,100.6,101.8,108.3,114.7,114.7,118,130.7,147.8,155.4,158.3,160.9,166.2,167.3,167.3,170,177.8,188,196.9,207,221.2,232.1,241.6,252.6,260,268.3,277.2,283.6,285.3,285.3,285.3,288.7,300.9,311.3,316.1,323.1,328,334.9,344,351.7,360,366.5,371.4,378.2,391.2,407.9,428,440.6,455.5,465.2,469.2,472.8,479,488.6,502.5,516.8,531.9,544.2,557,566.6,571.7,580.2,589.8,600.7,614.6,628.9,642.3,656.1,668,676.1,681.9,691.4,703.8,717.4,731.6,747.1,763.5,780.2,797,608,571.5,35.4694653425496,5826.60388327176,87,86.6,6.65582451691749,90.1,8.00624756049924,1920.1,784.8,1831.4,1023.9,-79.7,868.3,1452.6,329.4,1329.4,1956,2509,3289,21.1,8.72,19.9065217391304,11.2516483516484,-0.885555555555556,9.43804347826087,15.9626373626374,3.66,14.45,21.4945054945055,27.8777777777778,35.75,80
2023,7.8,13.4,23.3,35.2,45.6,51.4,54.7,54.7,56.4,57.2,57.6,60.9,67.5,67.5,67.5,68.3,69.8,74.4,77.7,81.8,83.5,83.5,85,86.4,86.8,90.3,91.2,93.1,96.3,101.2,103.7,103.7,103.7,103.7,103.7,104.3,110.1,110.9,118.2,125.9,137.3,141.6,142.4,145.7,150.4,158.7,168.1,176.9,176.9,180.5,188.3,196.2,202.3,210.8,221.5,221.5,222.8,227.5,232.1,237.25,247.4,251.75,257.75,264.6,270,274.6,277.55,281.6,284.25,286.9,286.9,290.15,290.15,292,297.7,306.5,311.1,311.1,312.45,317.9,328.35,343.8,353.95,359.4,370.4,378.35,386.3,393.4,396.9,405.4,419.2,426,435.9,451.6,470.4,489.2,497.4,503.1,509.9,517.55,529.95,547.05,565.25,582.65,600.85,618.25,631.5,643.6,655.4,672.8,691.55,706.4,716.3,724.55,732.25,742.15,754.8,764.4,776.5,787.25,797.15,805.75,813.05,821.25,832.15,844.85,858.05,874.95,889.95,902.25,916.45,933.95,951.15,967.05,981.75,997.55,632,839,39.1710757514671,5123.12716713414,80,84,4.84767985741633,88.4,7.70569774762661,1976.9,1091,1871.4,1061.5,287,858.9,1519.2,680.65,1360.95,1721,2583,1653,21.7241758241758,12.1222222222222,20.3413043478261,11.6648351648352,3.18888888888889,9.33586956521739,16.6945054945055,7.56277777777778,14.7929347826087,18.9120879120879,28.7,17.9673913043478,82
2024,1.6,2.4,2.6,4.2,4.2,4.2,4.7,7,9.6,16.7,18.5,20.8,26.7,26.7,26.7,26.7,26.7,26.7,26.7,26.7,26.7,26.7,26.7,28.4,35.3,49.5,58.3,61.9,64.8,66.2,67.1,69.2,73.55,75.7,77,78.85,79.6,81.2,84.4,91.8,100.3,106.55,110.6,112.4,113.4,114.1,117.35,117.35,117.35,118.35,119.4,120.15,122.3,126.35,128.5,128.5,136.15,144.1,152.05,153.35,155.75,160.95,169.15,180.15,188.1,195.75,205.9,213.85,219.3,222.8,228.2,238.95,250.8,263.45,278.6,288.5,300.9,304.4,307.1,315.85,317.15,319.55,323.6,325.75,329.8,335.8,340.7,347.25,354.6,362.5,372.35,380.85,387.65,393.4,398.8,403.95,409.4,417.6,427.8,441.9,457.9,473.35,487.15,499.25,513.6,532.35,546.95,561.8,577.8,586.05,600.4,608.9,616.85,627.3,642.75,651.8,661.15,670.5,687.6,707.8,727.4,747,768,782.6,791.1,804.6,822.8,841.85,863.4,879.15,888.5,898.65,910.2,924.25,938.9,952.95,544,574,34.0315992622197,6612.00876245027,82,81.2,3.70135110466435,86.1,7.27934673503666,2027.7,892.1,1909.2,1161.9,118.7,1011.9,1594.8,502.95,1460.55,1425,2584,2862,22.2824175824176,9.8032967032967,20.7521739130435,12.7681318681319,1.3043956043956,10.9989130434783,17.5252747252747,5.52692307692308,15.8755434782609,15.6593406593407,28.3956043956044,31.4505494505494,77
